STRUCTURE,STRUCTURE_ID,STRUCTURE_NAME,freq,Time frequency,siec,Standard international energy product classification (SIEC),partner,Geopolitical entity (partner),unit,Unit of measure,geo,Geopolitical entity (reporting),TIME_PERIOD,Time,OBS_VALUE,Observation value,OBS_FLAG,Observation status (Flag) V2 structure,CONF_STATUS,Confidentiality status (flag)
dataflow,ESTAT:NRG_TI_GAS$DEFAULTVIEW(1.0),Imports of natural gas by partner country,A,Annual,G3000,Natural gas,TOTAL,Total,MIO_M3,Million cubic metres,AL,Albania,2014,,0.000,,,,,
dataflow,ESTAT:NRG_TI_GAS$DEFAULTVIEW(1.0),Imports of natural gas by partner country,A,Annual,G3000,Natural gas,TOTAL,Total,MIO_M3,Million cubic metres,AL,Albania,2015,,0.000,,,,,
dataflow,ESTAT:NRG_TI_GAS$DEFAULTVIEW(1.0),Imports of natural gas by partner country,A,Annual,G3000,Natural gas,TOTAL,Total,MIO_M3,Million cubic metres,AL,Albania,2016,,0.000,,,,,
dataflow,ESTAT:NRG_TI_GAS$DEFAULTVIEW(1.0),Imports of natural gas by partner country,A,Annual,G3000,Natural gas,TOTAL,Total,MIO_M3,Million cubic metres,AL,Albania,2017,,0.000,,,,,
dataflow,ESTAT:NRG_TI_GAS$DEFAULTVIEW(1.0),Imports of natural gas by partner country,A,Annual,G3000,Natural gas,TOTAL,Total,MIO_M3,Million cubic metres,AL,Albania,2018,,0.000,,,,,
dataflow,ESTAT:NRG_TI_GAS$DEFAULTVIEW(1.0),Imports of natural gas by partner country,A,Annual,G3000,Natural gas,TOTAL,Total,MIO_M3,Million cubic metres,AL,Albania,2019,,0.000,,,,,
dataflow,ESTAT:NRG_TI_GAS$DEFAULTVIEW(1.0),Imports of natural gas by partner country,A,Annual,G3000,Natural gas,TOTAL,Total,MIO_M3,Million cubic metres,AL,Albania,2020,,0.000,,,,,
dataflow,ESTAT:NRG_TI_GAS$DEFAULTVIEW(1.0),Imports of natural gas by partner country,A,Annual,G3000,Natural gas,TOTAL,Total,MIO_M3,Million cubic metres,AL,Albania,2021,,0.000,,,,,
dataflow,ESTAT:NRG_TI_GAS$DEFAULTVIEW(1.0),Imports of natural gas by partner country,A,Annual,G3000,Natural gas,TOTAL,Total,MIO_M3,Million cubic metres,AL,Albania,2022,,0.000,,,,,
dataflow,ESTAT:NRG_TI_GAS$DEFAULTVIEW(1.0),Imports of natural gas by partner country,A,Annual,G3000,Natural gas,TOTAL,Total,MIO_M3,Million cubic metres,AL,Albania,2023,,0.000,,,,,
dataflow,ESTAT:NRG_TI_GAS$DEFAULTVIEW(1.0),Imports of natural gas by partner country,A,Annual,G3000,Natural gas,TOTAL,Total,MIO_M3,Million cubic metres,AT,Austria,2014,,7709.120,,,,,
dataflow,ESTAT:NRG_TI_GAS$DEFAULTVIEW(1.0),Imports of natural gas by partner country,A,Annual,G3000,Natural gas,TOTAL,Total,MIO_M3,Million cubic metres,AT,Austria,2015,,6072.549,,,,,
dataflow,ESTAT:NRG_TI_GAS$DEFAULTVIEW(1.0),Imports of natural gas by partner country,A,Annual,G3000,Natural gas,TOTAL,Total,MIO_M3,Million cubic metres,AT,Austria,2016,,7498.885,,,,,
dataflow,ESTAT:NRG_TI_GAS$DEFAULTVIEW(1.0),Imports of natural gas by partner country,A,Annual,G3000,Natural gas,TOTAL,Total,MIO_M3,Million cubic metres,AT,Austria,2017,,8464.450,,,,,
dataflow,ESTAT:NRG_TI_GAS$DEFAULTVIEW(1.0),Imports of natural gas by partner country,A,Annual,G3000,Natural gas,TOTAL,Total,MIO_M3,Million cubic metres,AT,Austria,2018,,7830.957,,,,,
dataflow,ESTAT:NRG_TI_GAS$DEFAULTVIEW(1.0),Imports of natural gas by partner country,A,Annual,G3000,Natural gas,TOTAL,Total,MIO_M3,Million cubic metres,AT,Austria,2019,,11377.632,,,,,
dataflow,ESTAT:NRG_TI_GAS$DEFAULTVIEW(1.0),Imports of natural gas by partner country,A,Annual,G3000,Natural gas,TOTAL,Total,MIO_M3,Million cubic metres,AT,Austria,2020,,6462.232,,,,,
dataflow,ESTAT:NRG_TI_GAS$DEFAULTVIEW(1.0),Imports of natural gas by partner country,A,Annual,G3000,Natural gas,TOTAL,Total,MIO_M3,Million cubic metres,AT,Austria,2021,,4754.663,,,,,
dataflow,ESTAT:NRG_TI_GAS$DEFAULTVIEW(1.0),Imports of natural gas by partner country,A,Annual,G3000,Natural gas,TOTAL,Total,MIO_M3,Million cubic metres,AT,Austria,2022,,12190.070,,,,,
dataflow,ESTAT:NRG_TI_GAS$DEFAULTVIEW(1.0),Imports of natural gas by partner country,A,Annual,G3000,Natural gas,TOTAL,Total,MIO_M3,Million cubic metres,AT,Austria,2023,,7117.618,,,,,
dataflow,ESTAT:NRG_TI_GAS$DEFAULTVIEW(1.0),Imports of natural gas by partner country,A,Annual,G3000,Natural gas,TOTAL,Total,MIO_M3,Million cubic metres,BA,Bosnia and Herzegovina,2014,,186.000,,,,,
dataflow,ESTAT:NRG_TI_GAS$DEFAULTVIEW(1.0),Imports of natural gas by partner country,A,Annual,G3000,Natural gas,TOTAL,Total,MIO_M3,Million cubic metres,BA,Bosnia and Herzegovina,2015,,218.000,,,,,
dataflow,ESTAT:NRG_TI_GAS$DEFAULTVIEW(1.0),Imports of natural gas by partner country,A,Annual,G3000,Natural gas,TOTAL,Total,MIO_M3,Million cubic metres,BA,Bosnia and Herzegovina,2016,,227.000,,,,,
dataflow,ESTAT:NRG_TI_GAS$DEFAULTVIEW(1.0),Imports of natural gas by partner country,A,Annual,G3000,Natural gas,TOTAL,Total,MIO_M3,Million cubic metres,BA,Bosnia and Herzegovina,2017,,245.000,,,,,
dataflow,ESTAT:NRG_TI_GAS$DEFAULTVIEW(1.0),Imports of natural gas by partner country,A,Annual,G3000,Natural gas,TOTAL,Total,MIO_M3,Million cubic metres,BA,Bosnia and Herzegovina,2018,,244.604,,,,,
dataflow,ESTAT:NRG_TI_GAS$DEFAULTVIEW(1.0),Imports of natural gas by partner country,A,Annual,G3000,Natural gas,TOTAL,Total,MIO_M3,Million cubic metres,BA,Bosnia and Herzegovina,2019,,230.980,,,,,
dataflow,ESTAT:NRG_TI_GAS$DEFAULTVIEW(1.0),Imports of natural gas by partner country,A,Annual,G3000,Natural gas,TOTAL,Total,MIO_M3,Million cubic metres,BA,Bosnia and Herzegovina,2020,,210.686,,,,,
dataflow,ESTAT:NRG_TI_GAS$DEFAULTVIEW(1.0),Imports of natural gas by partner country,A,Annual,G3000,Natural gas,TOTAL,Total,MIO_M3,Million cubic metres,BA,Bosnia and Herzegovina,2021,,253.953,,,,,
dataflow,ESTAT:NRG_TI_GAS$DEFAULTVIEW(1.0),Imports of natural gas by partner country,A,Annual,G3000,Natural gas,TOTAL,Total,MIO_M3,Million cubic metres,BA,Bosnia and Herzegovina,2022,,247.419,,,,,
dataflow,ESTAT:NRG_TI_GAS$DEFAULTVIEW(1.0),Imports of natural gas by partner country,A,Annual,G3000,Natural gas,TOTAL,Total,MIO_M3,Million cubic metres,BA,Bosnia and Herzegovina,2023,,223.200,,,,,
dataflow,ESTAT:NRG_TI_GAS$DEFAULTVIEW(1.0),Imports of natural gas by partner country,A,Annual,G3000,Natural gas,TOTAL,Total,MIO_M3,Million cubic metres,BE,Belgium,2014,,16845.800,,,,,
dataflow,ESTAT:NRG_TI_GAS$DEFAULTVIEW(1.0),Imports of natural gas by partner country,A,Annual,G3000,Natural gas,TOTAL,Total,MIO_M3,Million cubic metres,BE,Belgium,2015,,18766.100,,,,,
dataflow,ESTAT:NRG_TI_GAS$DEFAULTVIEW(1.0),Imports of natural gas by partner country,A,Annual,G3000,Natural gas,TOTAL,Total,MIO_M3,Million cubic metres,BE,Belgium,2016,,18232.800,,,,,
dataflow,ESTAT:NRG_TI_GAS$DEFAULTVIEW(1.0),Imports of natural gas by partner country,A,Annual,G3000,Natural gas,TOTAL,Total,MIO_M3,Million cubic metres,BE,Belgium,2017,,17870.200,,,,,
dataflow,ESTAT:NRG_TI_GAS$DEFAULTVIEW(1.0),Imports of natural gas by partner country,A,Annual,G3000,Natural gas,TOTAL,Total,MIO_M3,Million cubic metres,BE,Belgium,2018,,19807.100,,,,,
dataflow,ESTAT:NRG_TI_GAS$DEFAULTVIEW(1.0),Imports of natural gas by partner country,A,Annual,G3000,Natural gas,TOTAL,Total,MIO_M3,Million cubic metres,BE,Belgium,2019,,23264.200,,,,,
dataflow,ESTAT:NRG_TI_GAS$DEFAULTVIEW(1.0),Imports of natural gas by partner country,A,Annual,G3000,Natural gas,TOTAL,Total,MIO_M3,Million cubic metres,BE,Belgium,2020,,21674.200,,,,,
dataflow,ESTAT:NRG_TI_GAS$DEFAULTVIEW(1.0),Imports of natural gas by partner country,A,Annual,G3000,Natural gas,TOTAL,Total,MIO_M3,Million cubic metres,BE,Belgium,2021,,21287.400,,,,,
dataflow,ESTAT:NRG_TI_GAS$DEFAULTVIEW(1.0),Imports of natural gas by partner country,A,Annual,G3000,Natural gas,TOTAL,Total,MIO_M3,Million cubic metres,BE,Belgium,2022,,24183.300,,,,,
dataflow,ESTAT:NRG_TI_GAS$DEFAULTVIEW(1.0),Imports of natural gas by partner country,A,Annual,G3000,Natural gas,TOTAL,Total,MIO_M3,Million cubic metres,BE,Belgium,2023,,22788.900,,,,,
dataflow,ESTAT:NRG_TI_GAS$DEFAULTVIEW(1.0),Imports of natural gas by partner country,A,Annual,G3000,Natural gas,TOTAL,Total,MIO_M3,Million cubic metres,BG,Bulgaria,2014,,2683.000,,,,,
dataflow,ESTAT:NRG_TI_GAS$DEFAULTVIEW(1.0),Imports of natural gas by partner country,A,Annual,G3000,Natural gas,TOTAL,Total,MIO_M3,Million cubic metres,BG,Bulgaria,2015,,3010.000,,,,,
dataflow,ESTAT:NRG_TI_GAS$DEFAULTVIEW(1.0),Imports of natural gas by partner country,A,Annual,G3000,Natural gas,TOTAL,Total,MIO_M3,Million cubic metres,BG,Bulgaria,2016,,3094.000,,,,,
dataflow,ESTAT:NRG_TI_GAS$DEFAULTVIEW(1.0),Imports of natural gas by partner country,A,Annual,G3000,Natural gas,TOTAL,Total,MIO_M3,Million cubic metres,BG,Bulgaria,2017,,3268.781,,,,,
dataflow,ESTAT:NRG_TI_GAS$DEFAULTVIEW(1.0),Imports of natural gas by partner country,A,Annual,G3000,Natural gas,TOTAL,Total,MIO_M3,Million cubic metres,BG,Bulgaria,2018,,3115.070,,,,,
dataflow,ESTAT:NRG_TI_GAS$DEFAULTVIEW(1.0),Imports of natural gas by partner country,A,Annual,G3000,Natural gas,TOTAL,Total,MIO_M3,Million cubic metres,BG,Bulgaria,2019,,2949.968,,,,,
dataflow,ESTAT:NRG_TI_GAS$DEFAULTVIEW(1.0),Imports of natural gas by partner country,A,Annual,G3000,Natural gas,TOTAL,Total,MIO_M3,Million cubic metres,BG,Bulgaria,2020,,2925.938,,,,,
dataflow,ESTAT:NRG_TI_GAS$DEFAULTVIEW(1.0),Imports of natural gas by partner country,A,Annual,G3000,Natural gas,TOTAL,Total,MIO_M3,Million cubic metres,BG,Bulgaria,2021,,3290.561,,,,,
dataflow,ESTAT:NRG_TI_GAS$DEFAULTVIEW(1.0),Imports of natural gas by partner country,A,Annual,G3000,Natural gas,TOTAL,Total,MIO_M3,Million cubic metres,BG,Bulgaria,2022,,2911.098,,,,,
dataflow,ESTAT:NRG_TI_GAS$DEFAULTVIEW(1.0),Imports of natural gas by partner country,A,Annual,G3000,Natural gas,TOTAL,Total,MIO_M3,Million cubic metres,BG,Bulgaria,2023,,2544.113,,,,,
dataflow,ESTAT:NRG_TI_GAS$DEFAULTVIEW(1.0),Imports of natural gas by partner country,A,Annual,G3000,Natural gas,TOTAL,Total,MIO_M3,Million cubic metres,CY,Cyprus,2014,,0.000,,,,,
dataflow,ESTAT:NRG_TI_GAS$DEFAULTVIEW(1.0),Imports of natural gas by partner country,A,Annual,G3000,Natural gas,TOTAL,Total,MIO_M3,Million cubic metres,CY,Cyprus,2015,,0.000,,,,,
dataflow,ESTAT:NRG_TI_GAS$DEFAULTVIEW(1.0),Imports of natural gas by partner country,A,Annual,G3000,Natural gas,TOTAL,Total,MIO_M3,Million cubic metres,CY,Cyprus,2016,,0.000,,,,,
dataflow,ESTAT:NRG_TI_GAS$DEFAULTVIEW(1.0),Imports of natural gas by partner country,A,Annual,G3000,Natural gas,TOTAL,Total,MIO_M3,Million cubic metres,CY,Cyprus,2017,,0.000,,,,,
dataflow,ESTAT:NRG_TI_GAS$DEFAULTVIEW(1.0),Imports of natural gas by partner country,A,Annual,G3000,Natural gas,TOTAL,Total,MIO_M3,Million cubic metres,CY,Cyprus,2018,,0.000,,,,,
dataflow,ESTAT:NRG_TI_GAS$DEFAULTVIEW(1.0),Imports of natural gas by partner country,A,Annual,G3000,Natural gas,TOTAL,Total,MIO_M3,Million cubic metres,CY,Cyprus,2019,,0.000,,,,,
dataflow,ESTAT:NRG_TI_GAS$DEFAULTVIEW(1.0),Imports of natural gas by partner country,A,Annual,G3000,Natural gas,TOTAL,Total,MIO_M3,Million cubic metres,CY,Cyprus,2020,,0.000,,,,,
dataflow,ESTAT:NRG_TI_GAS$DEFAULTVIEW(1.0),Imports of natural gas by partner country,A,Annual,G3000,Natural gas,TOTAL,Total,MIO_M3,Million cubic metres,CY,Cyprus,2021,,0.000,,,,,
dataflow,ESTAT:NRG_TI_GAS$DEFAULTVIEW(1.0),Imports of natural gas by partner country,A,Annual,G3000,Natural gas,TOTAL,Total,MIO_M3,Million cubic metres,CY,Cyprus,2022,,0.000,,,,,
dataflow,ESTAT:NRG_TI_GAS$DEFAULTVIEW(1.0),Imports of natural gas by partner country,A,Annual,G3000,Natural gas,TOTAL,Total,MIO_M3,Million cubic metres,CY,Cyprus,2023,,0.000,,,,,
dataflow,ESTAT:NRG_TI_GAS$DEFAULTVIEW(1.0),Imports of natural gas by partner country,A,Annual,G3000,Natural gas,TOTAL,Total,MIO_M3,Million cubic metres,CZ,Czechia,2014,,7249.000,,,,,
dataflow,ESTAT:NRG_TI_GAS$DEFAULTVIEW(1.0),Imports of natural gas by partner country,A,Annual,G3000,Natural gas,TOTAL,Total,MIO_M3,Million cubic metres,CZ,Czechia,2015,,7474.000,,,,,
dataflow,ESTAT:NRG_TI_GAS$DEFAULTVIEW(1.0),Imports of natural gas by partner country,A,Annual,G3000,Natural gas,TOTAL,Total,MIO_M3,Million cubic metres,CZ,Czechia,2016,,8123.000,,,,,
dataflow,ESTAT:NRG_TI_GAS$DEFAULTVIEW(1.0),Imports of natural gas by partner country,A,Annual,G3000,Natural gas,TOTAL,Total,MIO_M3,Million cubic metres,CZ,Czechia,2017,,8889.000,,,,,
dataflow,ESTAT:NRG_TI_GAS$DEFAULTVIEW(1.0),Imports of natural gas by partner country,A,Annual,G3000,Natural gas,TOTAL,Total,MIO_M3,Million cubic metres,CZ,Czechia,2018,,8007.991,,,,,
dataflow,ESTAT:NRG_TI_GAS$DEFAULTVIEW(1.0),Imports of natural gas by partner country,A,Annual,G3000,Natural gas,TOTAL,Total,MIO_M3,Million cubic metres,CZ,Czechia,2019,,9533.193,,,,,
dataflow,ESTAT:NRG_TI_GAS$DEFAULTVIEW(1.0),Imports of natural gas by partner country,A,Annual,G3000,Natural gas,TOTAL,Total,MIO_M3,Million cubic metres,CZ,Czechia,2020,,7589.967,,,,,
dataflow,ESTAT:NRG_TI_GAS$DEFAULTVIEW(1.0),Imports of natural gas by partner country,A,Annual,G3000,Natural gas,TOTAL,Total,MIO_M3,Million cubic metres,CZ,Czechia,2021,,8718.897,,,,,
dataflow,ESTAT:NRG_TI_GAS$DEFAULTVIEW(1.0),Imports of natural gas by partner country,A,Annual,G3000,Natural gas,TOTAL,Total,MIO_M3,Million cubic metres,CZ,Czechia,2022,,8612.009,,,,,
dataflow,ESTAT:NRG_TI_GAS$DEFAULTVIEW(1.0),Imports of natural gas by partner country,A,Annual,G3000,Natural gas,TOTAL,Total,MIO_M3,Million cubic metres,CZ,Czechia,2023,,6808.332,,,,,
dataflow,ESTAT:NRG_TI_GAS$DEFAULTVIEW(1.0),Imports of natural gas by partner country,A,Annual,G3000,Natural gas,TOTAL,Total,MIO_M3,Million cubic metres,DE,Germany,2014,,89896.000,,,,,
dataflow,ESTAT:NRG_TI_GAS$DEFAULTVIEW(1.0),Imports of natural gas by partner country,A,Annual,G3000,Natural gas,TOTAL,Total,MIO_M3,Million cubic metres,DE,Germany,2015,,102517.000,,,,,
dataflow,ESTAT:NRG_TI_GAS$DEFAULTVIEW(1.0),Imports of natural gas by partner country,A,Annual,G3000,Natural gas,TOTAL,Total,MIO_M3,Million cubic metres,DE,Germany,2016,,97379.000,,,,,
dataflow,ESTAT:NRG_TI_GAS$DEFAULTVIEW(1.0),Imports of natural gas by partner country,A,Annual,G3000,Natural gas,TOTAL,Total,MIO_M3,Million cubic metres,DE,Germany,2017,,118694.443,,,,,
dataflow,ESTAT:NRG_TI_GAS$DEFAULTVIEW(1.0),Imports of natural gas by partner country,A,Annual,G3000,Natural gas,TOTAL,Total,MIO_M3,Million cubic metres,DE,Germany,2018,,88347.545,,,,,
dataflow,ESTAT:NRG_TI_GAS$DEFAULTVIEW(1.0),Imports of natural gas by partner country,A,Annual,G3000,Natural gas,TOTAL,Total,MIO_M3,Million cubic metres,DE,Germany,2019,,94786.760,,,,,
dataflow,ESTAT:NRG_TI_GAS$DEFAULTVIEW(1.0),Imports of natural gas by partner country,A,Annual,G3000,Natural gas,TOTAL,Total,MIO_M3,Million cubic metres,DE,Germany,2020,,80439.019,,,,,
dataflow,ESTAT:NRG_TI_GAS$DEFAULTVIEW(1.0),Imports of natural gas by partner country,A,Annual,G3000,Natural gas,TOTAL,Total,MIO_M3,Million cubic metres,DE,Germany,2021,,84808.432,,,,,
dataflow,ESTAT:NRG_TI_GAS$DEFAULTVIEW(1.0),Imports of natural gas by partner country,A,Annual,G3000,Natural gas,TOTAL,Total,MIO_M3,Million cubic metres,DE,Germany,2022,,87694.613,,,,,
dataflow,ESTAT:NRG_TI_GAS$DEFAULTVIEW(1.0),Imports of natural gas by partner country,A,Annual,G3000,Natural gas,TOTAL,Total,MIO_M3,Million cubic metres,DE,Germany,2023,,71591.397,,,,,
dataflow,ESTAT:NRG_TI_GAS$DEFAULTVIEW(1.0),Imports of natural gas by partner country,A,Annual,G3000,Natural gas,TOTAL,Total,MIO_M3,Million cubic metres,DK,Denmark,2014,,624.999,,,,,
dataflow,ESTAT:NRG_TI_GAS$DEFAULTVIEW(1.0),Imports of natural gas by partner country,A,Annual,G3000,Natural gas,TOTAL,Total,MIO_M3,Million cubic metres,DK,Denmark,2015,,661.672,,,,,
dataflow,ESTAT:NRG_TI_GAS$DEFAULTVIEW(1.0),Imports of natural gas by partner country,A,Annual,G3000,Natural gas,TOTAL,Total,MIO_M3,Million cubic metres,DK,Denmark,2016,,683.855,,,,,
dataflow,ESTAT:NRG_TI_GAS$DEFAULTVIEW(1.0),Imports of natural gas by partner country,A,Annual,G3000,Natural gas,TOTAL,Total,MIO_M3,Million cubic metres,DK,Denmark,2017,,520.291,,,,,
dataflow,ESTAT:NRG_TI_GAS$DEFAULTVIEW(1.0),Imports of natural gas by partner country,A,Annual,G3000,Natural gas,TOTAL,Total,MIO_M3,Million cubic metres,DK,Denmark,2018,,389.005,,,,,
dataflow,ESTAT:NRG_TI_GAS$DEFAULTVIEW(1.0),Imports of natural gas by partner country,A,Annual,G3000,Natural gas,TOTAL,Total,MIO_M3,Million cubic metres,DK,Denmark,2019,,1138.958,,,,,
dataflow,ESTAT:NRG_TI_GAS$DEFAULTVIEW(1.0),Imports of natural gas by partner country,A,Annual,G3000,Natural gas,TOTAL,Total,MIO_M3,Million cubic metres,DK,Denmark,2020,,2666.482,,,,,
dataflow,ESTAT:NRG_TI_GAS$DEFAULTVIEW(1.0),Imports of natural gas by partner country,A,Annual,G3000,Natural gas,TOTAL,Total,MIO_M3,Million cubic metres,DK,Denmark,2021,,2502.686,,,,,
dataflow,ESTAT:NRG_TI_GAS$DEFAULTVIEW(1.0),Imports of natural gas by partner country,A,Annual,G3000,Natural gas,TOTAL,Total,MIO_M3,Million cubic metres,DK,Denmark,2022,,2729.398,,,,,
dataflow,ESTAT:NRG_TI_GAS$DEFAULTVIEW(1.0),Imports of natural gas by partner country,A,Annual,G3000,Natural gas,TOTAL,Total,MIO_M3,Million cubic metres,DK,Denmark,2023,,8614.365,,,,,
dataflow,ESTAT:NRG_TI_GAS$DEFAULTVIEW(1.0),Imports of natural gas by partner country,A,Annual,G3000,Natural gas,TOTAL,Total,MIO_M3,Million cubic metres,EA20,Euro area – 20 countries (from 2023),2014,,306561.859,,,,,
dataflow,ESTAT:NRG_TI_GAS$DEFAULTVIEW(1.0),Imports of natural gas by partner country,A,Annual,G3000,Natural gas,TOTAL,Total,MIO_M3,Million cubic metres,EA20,Euro area – 20 countries (from 2023),2015,,326134.731,,,,,
dataflow,ESTAT:NRG_TI_GAS$DEFAULTVIEW(1.0),Imports of natural gas by partner country,A,Annual,G3000,Natural gas,TOTAL,Total,MIO_M3,Million cubic metres,EA20,Euro area – 20 countries (from 2023),2016,,331769.928,,,,,
dataflow,ESTAT:NRG_TI_GAS$DEFAULTVIEW(1.0),Imports of natural gas by partner country,A,Annual,G3000,Natural gas,TOTAL,Total,MIO_M3,Million cubic metres,EA20,Euro area – 20 countries (from 2023),2017,,348395.625,,,,,
dataflow,ESTAT:NRG_TI_GAS$DEFAULTVIEW(1.0),Imports of natural gas by partner country,A,Annual,G3000,Natural gas,TOTAL,Total,MIO_M3,Million cubic metres,EA20,Euro area – 20 countries (from 2023),2018,,324567.095,,,,,
dataflow,ESTAT:NRG_TI_GAS$DEFAULTVIEW(1.0),Imports of natural gas by partner country,A,Annual,G3000,Natural gas,TOTAL,Total,MIO_M3,Million cubic metres,EA20,Euro area – 20 countries (from 2023),2019,,358716.708,,,,,
dataflow,ESTAT:NRG_TI_GAS$DEFAULTVIEW(1.0),Imports of natural gas by partner country,A,Annual,G3000,Natural gas,TOTAL,Total,MIO_M3,Million cubic metres,EA20,Euro area – 20 countries (from 2023),2020,,319674.833,,,,,
dataflow,ESTAT:NRG_TI_GAS$DEFAULTVIEW(1.0),Imports of natural gas by partner country,A,Annual,G3000,Natural gas,TOTAL,Total,MIO_M3,Million cubic metres,EA20,Euro area – 20 countries (from 2023),2021,,329127.910,,,,,
dataflow,ESTAT:NRG_TI_GAS$DEFAULTVIEW(1.0),Imports of natural gas by partner country,A,Annual,G3000,Natural gas,TOTAL,Total,MIO_M3,Million cubic metres,EA20,Euro area – 20 countries (from 2023),2022,,363127.204,,,,,
dataflow,ESTAT:NRG_TI_GAS$DEFAULTVIEW(1.0),Imports of natural gas by partner country,A,Annual,G3000,Natural gas,TOTAL,Total,MIO_M3,Million cubic metres,EA20,Euro area – 20 countries (from 2023),2023,,313239.917,,,,,
dataflow,ESTAT:NRG_TI_GAS$DEFAULTVIEW(1.0),Imports of natural gas by partner country,A,Annual,G3000,Natural gas,TOTAL,Total,MIO_M3,Million cubic metres,EE,Estonia,2014,,530.000,,,,,
dataflow,ESTAT:NRG_TI_GAS$DEFAULTVIEW(1.0),Imports of natural gas by partner country,A,Annual,G3000,Natural gas,TOTAL,Total,MIO_M3,Million cubic metres,EE,Estonia,2015,,471.000,,,,,
dataflow,ESTAT:NRG_TI_GAS$DEFAULTVIEW(1.0),Imports of natural gas by partner country,A,Annual,G3000,Natural gas,TOTAL,Total,MIO_M3,Million cubic metres,EE,Estonia,2016,,518.000,,,,,
dataflow,ESTAT:NRG_TI_GAS$DEFAULTVIEW(1.0),Imports of natural gas by partner country,A,Annual,G3000,Natural gas,TOTAL,Total,MIO_M3,Million cubic metres,EE,Estonia,2017,,510.000,,,,,
dataflow,ESTAT:NRG_TI_GAS$DEFAULTVIEW(1.0),Imports of natural gas by partner country,A,Annual,G3000,Natural gas,TOTAL,Total,MIO_M3,Million cubic metres,EE,Estonia,2018,,524.000,,,,,
dataflow,ESTAT:NRG_TI_GAS$DEFAULTVIEW(1.0),Imports of natural gas by partner country,A,Annual,G3000,Natural gas,TOTAL,Total,MIO_M3,Million cubic metres,EE,Estonia,2019,,485.700,,,,,
dataflow,ESTAT:NRG_TI_GAS$DEFAULTVIEW(1.0),Imports of natural gas by partner country,A,Annual,G3000,Natural gas,TOTAL,Total,MIO_M3,Million cubic metres,EE,Estonia,2020,,447.000,,,,,
dataflow,ESTAT:NRG_TI_GAS$DEFAULTVIEW(1.0),Imports of natural gas by partner country,A,Annual,G3000,Natural gas,TOTAL,Total,MIO_M3,Million cubic metres,EE,Estonia,2021,,506.150,,,,,
dataflow,ESTAT:NRG_TI_GAS$DEFAULTVIEW(1.0),Imports of natural gas by partner country,A,Annual,G3000,Natural gas,TOTAL,Total,MIO_M3,Million cubic metres,EE,Estonia,2022,,420.000,,,,,
dataflow,ESTAT:NRG_TI_GAS$DEFAULTVIEW(1.0),Imports of natural gas by partner country,A,Annual,G3000,Natural gas,TOTAL,Total,MIO_M3,Million cubic metres,EE,Estonia,2023,,318.500,,,,,
dataflow,ESTAT:NRG_TI_GAS$DEFAULTVIEW(1.0),Imports of natural gas by partner country,A,Annual,G3000,Natural gas,TOTAL,Total,MIO_M3,Million cubic metres,EL,Greece,2014,,2931.000,,,,,
dataflow,ESTAT:NRG_TI_GAS$DEFAULTVIEW(1.0),Imports of natural gas by partner country,A,Annual,G3000,Natural gas,TOTAL,Total,MIO_M3,Million cubic metres,EL,Greece,2015,,3162.000,,,,,
dataflow,ESTAT:NRG_TI_GAS$DEFAULTVIEW(1.0),Imports of natural gas by partner country,A,Annual,G3000,Natural gas,TOTAL,Total,MIO_M3,Million cubic metres,EL,Greece,2016,,4067.000,,,,,
dataflow,ESTAT:NRG_TI_GAS$DEFAULTVIEW(1.0),Imports of natural gas by partner country,A,Annual,G3000,Natural gas,TOTAL,Total,MIO_M3,Million cubic metres,EL,Greece,2017,,4975.095,,,,,
dataflow,ESTAT:NRG_TI_GAS$DEFAULTVIEW(1.0),Imports of natural gas by partner country,A,Annual,G3000,Natural gas,TOTAL,Total,MIO_M3,Million cubic metres,EL,Greece,2018,,4902.130,,,,,
dataflow,ESTAT:NRG_TI_GAS$DEFAULTVIEW(1.0),Imports of natural gas by partner country,A,Annual,G3000,Natural gas,TOTAL,Total,MIO_M3,Million cubic metres,EL,Greece,2019,,5221.617,,,,,
dataflow,ESTAT:NRG_TI_GAS$DEFAULTVIEW(1.0),Imports of natural gas by partner country,A,Annual,G3000,Natural gas,TOTAL,Total,MIO_M3,Million cubic metres,EL,Greece,2020,,5902.732,,,,,
dataflow,ESTAT:NRG_TI_GAS$DEFAULTVIEW(1.0),Imports of natural gas by partner country,A,Annual,G3000,Natural gas,TOTAL,Total,MIO_M3,Million cubic metres,EL,Greece,2021,,6426.441,,,,,
dataflow,ESTAT:NRG_TI_GAS$DEFAULTVIEW(1.0),Imports of natural gas by partner country,A,Annual,G3000,Natural gas,TOTAL,Total,MIO_M3,Million cubic metres,EL,Greece,2022,,5727.447,,,,,
dataflow,ESTAT:NRG_TI_GAS$DEFAULTVIEW(1.0),Imports of natural gas by partner country,A,Annual,G3000,Natural gas,TOTAL,Total,MIO_M3,Million cubic metres,EL,Greece,2023,,4815.688,,,,,
dataflow,ESTAT:NRG_TI_GAS$DEFAULTVIEW(1.0),Imports of natural gas by partner country,A,Annual,G3000,Natural gas,TOTAL,Total,MIO_M3,Million cubic metres,ES,Spain,2014,,36384.000,,,,,
dataflow,ESTAT:NRG_TI_GAS$DEFAULTVIEW(1.0),Imports of natural gas by partner country,A,Annual,G3000,Natural gas,TOTAL,Total,MIO_M3,Million cubic metres,ES,Spain,2015,,32391.000,,,,,
dataflow,ESTAT:NRG_TI_GAS$DEFAULTVIEW(1.0),Imports of natural gas by partner country,A,Annual,G3000,Natural gas,TOTAL,Total,MIO_M3,Million cubic metres,ES,Spain,2016,,32405.000,,,,,
dataflow,ESTAT:NRG_TI_GAS$DEFAULTVIEW(1.0),Imports of natural gas by partner country,A,Annual,G3000,Natural gas,TOTAL,Total,MIO_M3,Million cubic metres,ES,Spain,2017,,34626.000,,,,,
dataflow,ESTAT:NRG_TI_GAS$DEFAULTVIEW(1.0),Imports of natural gas by partner country,A,Annual,G3000,Natural gas,TOTAL,Total,MIO_M3,Million cubic metres,ES,Spain,2018,,34817.000,,,,,
dataflow,ESTAT:NRG_TI_GAS$DEFAULTVIEW(1.0),Imports of natural gas by partner country,A,Annual,G3000,Natural gas,TOTAL,Total,MIO_M3,Million cubic metres,ES,Spain,2019,,37209.000,,,,,
dataflow,ESTAT:NRG_TI_GAS$DEFAULTVIEW(1.0),Imports of natural gas by partner country,A,Annual,G3000,Natural gas,TOTAL,Total,MIO_M3,Million cubic metres,ES,Spain,2020,,32485.000,,,,,
dataflow,ESTAT:NRG_TI_GAS$DEFAULTVIEW(1.0),Imports of natural gas by partner country,A,Annual,G3000,Natural gas,TOTAL,Total,MIO_M3,Million cubic metres,ES,Spain,2021,,36968.191,,,,,
dataflow,ESTAT:NRG_TI_GAS$DEFAULTVIEW(1.0),Imports of natural gas by partner country,A,Annual,G3000,Natural gas,TOTAL,Total,MIO_M3,Million cubic metres,ES,Spain,2022,,39692.252,,,,,
dataflow,ESTAT:NRG_TI_GAS$DEFAULTVIEW(1.0),Imports of natural gas by partner country,A,Annual,G3000,Natural gas,TOTAL,Total,MIO_M3,Million cubic metres,ES,Spain,2023,,35261.253,,,,,
dataflow,ESTAT:NRG_TI_GAS$DEFAULTVIEW(1.0),Imports of natural gas by partner country,A,Annual,G3000,Natural gas,TOTAL,Total,MIO_M3,Million cubic metres,EU27_2020,European Union - 27 countries (from 2020),2014,,339354.858,,,,,
dataflow,ESTAT:NRG_TI_GAS$DEFAULTVIEW(1.0),Imports of natural gas by partner country,A,Annual,G3000,Natural gas,TOTAL,Total,MIO_M3,Million cubic metres,EU27_2020,European Union - 27 countries (from 2020),2015,,357206.403,,,,,
dataflow,ESTAT:NRG_TI_GAS$DEFAULTVIEW(1.0),Imports of natural gas by partner country,A,Annual,G3000,Natural gas,TOTAL,Total,MIO_M3,Million cubic metres,EU27_2020,European Union - 27 countries (from 2020),2016,,368294.783,,,,,
dataflow,ESTAT:NRG_TI_GAS$DEFAULTVIEW(1.0),Imports of natural gas by partner country,A,Annual,G3000,Natural gas,TOTAL,Total,MIO_M3,Million cubic metres,EU27_2020,European Union - 27 countries (from 2020),2017,,388908.675,,,,,
dataflow,ESTAT:NRG_TI_GAS$DEFAULTVIEW(1.0),Imports of natural gas by partner country,A,Annual,G3000,Natural gas,TOTAL,Total,MIO_M3,Million cubic metres,EU27_2020,European Union - 27 countries (from 2020),2018,,362241.571,,,,,
dataflow,ESTAT:NRG_TI_GAS$DEFAULTVIEW(1.0),Imports of natural gas by partner country,A,Annual,G3000,Natural gas,TOTAL,Total,MIO_M3,Million cubic metres,EU27_2020,European Union - 27 countries (from 2020),2019,,405228.804,,,,,
dataflow,ESTAT:NRG_TI_GAS$DEFAULTVIEW(1.0),Imports of natural gas by partner country,A,Annual,G3000,Natural gas,TOTAL,Total,MIO_M3,Million cubic metres,EU27_2020,European Union - 27 countries (from 2020),2020,,361800.409,,,,,
dataflow,ESTAT:NRG_TI_GAS$DEFAULTVIEW(1.0),Imports of natural gas by partner country,A,Annual,G3000,Natural gas,TOTAL,Total,MIO_M3,Million cubic metres,EU27_2020,European Union - 27 countries (from 2020),2021,,374410.785,,,,,
dataflow,ESTAT:NRG_TI_GAS$DEFAULTVIEW(1.0),Imports of natural gas by partner country,A,Annual,G3000,Natural gas,TOTAL,Total,MIO_M3,Million cubic metres,EU27_2020,European Union - 27 countries (from 2020),2022,,405506.456,,,,,
dataflow,ESTAT:NRG_TI_GAS$DEFAULTVIEW(1.0),Imports of natural gas by partner country,A,Annual,G3000,Natural gas,TOTAL,Total,MIO_M3,Million cubic metres,EU27_2020,European Union - 27 countries (from 2020),2023,,358888.031,,,,,
dataflow,ESTAT:NRG_TI_GAS$DEFAULTVIEW(1.0),Imports of natural gas by partner country,A,Annual,G3000,Natural gas,TOTAL,Total,MIO_M3,Million cubic metres,FI,Finland,2014,,3063.000,,,,,
dataflow,ESTAT:NRG_TI_GAS$DEFAULTVIEW(1.0),Imports of natural gas by partner country,A,Annual,G3000,Natural gas,TOTAL,Total,MIO_M3,Million cubic metres,FI,Finland,2015,,2713.000,,,,,
dataflow,ESTAT:NRG_TI_GAS$DEFAULTVIEW(1.0),Imports of natural gas by partner country,A,Annual,G3000,Natural gas,TOTAL,Total,MIO_M3,Million cubic metres,FI,Finland,2016,,2496.000,,,,,
dataflow,ESTAT:NRG_TI_GAS$DEFAULTVIEW(1.0),Imports of natural gas by partner country,A,Annual,G3000,Natural gas,TOTAL,Total,MIO_M3,Million cubic metres,FI,Finland,2017,,2322.000,,,,,
dataflow,ESTAT:NRG_TI_GAS$DEFAULTVIEW(1.0),Imports of natural gas by partner country,A,Annual,G3000,Natural gas,TOTAL,Total,MIO_M3,Million cubic metres,FI,Finland,2018,,2641.000,,,,,
dataflow,ESTAT:NRG_TI_GAS$DEFAULTVIEW(1.0),Imports of natural gas by partner country,A,Annual,G3000,Natural gas,TOTAL,Total,MIO_M3,Million cubic metres,FI,Finland,2019,,2594.000,,,,,
dataflow,ESTAT:NRG_TI_GAS$DEFAULTVIEW(1.0),Imports of natural gas by partner country,A,Annual,G3000,Natural gas,TOTAL,Total,MIO_M3,Million cubic metres,FI,Finland,2020,,2568.000,,,,,
dataflow,ESTAT:NRG_TI_GAS$DEFAULTVIEW(1.0),Imports of natural gas by partner country,A,Annual,G3000,Natural gas,TOTAL,Total,MIO_M3,Million cubic metres,FI,Finland,2021,,2565.079,,,,,
dataflow,ESTAT:NRG_TI_GAS$DEFAULTVIEW(1.0),Imports of natural gas by partner country,A,Annual,G3000,Natural gas,TOTAL,Total,MIO_M3,Million cubic metres,FI,Finland,2022,,1371.000,,,,,
dataflow,ESTAT:NRG_TI_GAS$DEFAULTVIEW(1.0),Imports of natural gas by partner country,A,Annual,G3000,Natural gas,TOTAL,Total,MIO_M3,Million cubic metres,FI,Finland,2023,,1776.000,,,,,
dataflow,ESTAT:NRG_TI_GAS$DEFAULTVIEW(1.0),Imports of natural gas by partner country,A,Annual,G3000,Natural gas,TOTAL,Total,MIO_M3,Million cubic metres,FR,France,2014,,42763.546,,,,,
dataflow,ESTAT:NRG_TI_GAS$DEFAULTVIEW(1.0),Imports of natural gas by partner country,A,Annual,G3000,Natural gas,TOTAL,Total,MIO_M3,Million cubic metres,FR,France,2015,,42398.184,,,,,
dataflow,ESTAT:NRG_TI_GAS$DEFAULTVIEW(1.0),Imports of natural gas by partner country,A,Annual,G3000,Natural gas,TOTAL,Total,MIO_M3,Million cubic metres,FR,France,2016,,44423.884,,,,,
dataflow,ESTAT:NRG_TI_GAS$DEFAULTVIEW(1.0),Imports of natural gas by partner country,A,Annual,G3000,Natural gas,TOTAL,Total,MIO_M3,Million cubic metres,FR,France,2017,,46519.288,,,,,
dataflow,ESTAT:NRG_TI_GAS$DEFAULTVIEW(1.0),Imports of natural gas by partner country,A,Annual,G3000,Natural gas,TOTAL,Total,MIO_M3,Million cubic metres,FR,France,2018,,47133.891,,,,,
dataflow,ESTAT:NRG_TI_GAS$DEFAULTVIEW(1.0),Imports of natural gas by partner country,A,Annual,G3000,Natural gas,TOTAL,Total,MIO_M3,Million cubic metres,FR,France,2019,,53287.363,,,,,
dataflow,ESTAT:NRG_TI_GAS$DEFAULTVIEW(1.0),Imports of natural gas by partner country,A,Annual,G3000,Natural gas,TOTAL,Total,MIO_M3,Million cubic metres,FR,France,2020,,45363.498,,,,,
dataflow,ESTAT:NRG_TI_GAS$DEFAULTVIEW(1.0),Imports of natural gas by partner country,A,Annual,G3000,Natural gas,TOTAL,Total,MIO_M3,Million cubic metres,FR,France,2021,,45397.338,,,,,
dataflow,ESTAT:NRG_TI_GAS$DEFAULTVIEW(1.0),Imports of natural gas by partner country,A,Annual,G3000,Natural gas,TOTAL,Total,MIO_M3,Million cubic metres,FR,France,2022,,55415.042,,,,,
dataflow,ESTAT:NRG_TI_GAS$DEFAULTVIEW(1.0),Imports of natural gas by partner country,A,Annual,G3000,Natural gas,TOTAL,Total,MIO_M3,Million cubic metres,FR,France,2023,,46165.320,,,,,
dataflow,ESTAT:NRG_TI_GAS$DEFAULTVIEW(1.0),Imports of natural gas by partner country,A,Annual,G3000,Natural gas,TOTAL,Total,MIO_M3,Million cubic metres,GE,Georgia,2014,,2243.343,,,,,
dataflow,ESTAT:NRG_TI_GAS$DEFAULTVIEW(1.0),Imports of natural gas by partner country,A,Annual,G3000,Natural gas,TOTAL,Total,MIO_M3,Million cubic metres,GE,Georgia,2015,,2554.059,,,,,
dataflow,ESTAT:NRG_TI_GAS$DEFAULTVIEW(1.0),Imports of natural gas by partner country,A,Annual,G3000,Natural gas,TOTAL,Total,MIO_M3,Million cubic metres,GE,Georgia,2016,,2310.694,,,,,
dataflow,ESTAT:NRG_TI_GAS$DEFAULTVIEW(1.0),Imports of natural gas by partner country,A,Annual,G3000,Natural gas,TOTAL,Total,MIO_M3,Million cubic metres,GE,Georgia,2017,,2390.407,,,,,
dataflow,ESTAT:NRG_TI_GAS$DEFAULTVIEW(1.0),Imports of natural gas by partner country,A,Annual,G3000,Natural gas,TOTAL,Total,MIO_M3,Million cubic metres,GE,Georgia,2018,,2357.087,,,,,
dataflow,ESTAT:NRG_TI_GAS$DEFAULTVIEW(1.0),Imports of natural gas by partner country,A,Annual,G3000,Natural gas,TOTAL,Total,MIO_M3,Million cubic metres,GE,Georgia,2019,,2685.768,,,,,
dataflow,ESTAT:NRG_TI_GAS$DEFAULTVIEW(1.0),Imports of natural gas by partner country,A,Annual,G3000,Natural gas,TOTAL,Total,MIO_M3,Million cubic metres,GE,Georgia,2020,,2690.837,,,,,
dataflow,ESTAT:NRG_TI_GAS$DEFAULTVIEW(1.0),Imports of natural gas by partner country,A,Annual,G3000,Natural gas,TOTAL,Total,MIO_M3,Million cubic metres,GE,Georgia,2021,,2785.217,,,,,
dataflow,ESTAT:NRG_TI_GAS$DEFAULTVIEW(1.0),Imports of natural gas by partner country,A,Annual,G3000,Natural gas,TOTAL,Total,MIO_M3,Million cubic metres,GE,Georgia,2022,,3346.339,,,,,
dataflow,ESTAT:NRG_TI_GAS$DEFAULTVIEW(1.0),Imports of natural gas by partner country,A,Annual,G3000,Natural gas,TOTAL,Total,MIO_M3,Million cubic metres,GE,Georgia,2023,,3352.384,,,,,
dataflow,ESTAT:NRG_TI_GAS$DEFAULTVIEW(1.0),Imports of natural gas by partner country,A,Annual,G3000,Natural gas,TOTAL,Total,MIO_M3,Million cubic metres,HR,Croatia,2014,,1133.000,,,,,
dataflow,ESTAT:NRG_TI_GAS$DEFAULTVIEW(1.0),Imports of natural gas by partner country,A,Annual,G3000,Natural gas,TOTAL,Total,MIO_M3,Million cubic metres,HR,Croatia,2015,,1050.000,,,,,
dataflow,ESTAT:NRG_TI_GAS$DEFAULTVIEW(1.0),Imports of natural gas by partner country,A,Annual,G3000,Natural gas,TOTAL,Total,MIO_M3,Million cubic metres,HR,Croatia,2016,,1265.000,,,,,
dataflow,ESTAT:NRG_TI_GAS$DEFAULTVIEW(1.0),Imports of natural gas by partner country,A,Annual,G3000,Natural gas,TOTAL,Total,MIO_M3,Million cubic metres,HR,Croatia,2017,,1818.300,,,,,
dataflow,ESTAT:NRG_TI_GAS$DEFAULTVIEW(1.0),Imports of natural gas by partner country,A,Annual,G3000,Natural gas,TOTAL,Total,MIO_M3,Million cubic metres,HR,Croatia,2018,,1589.200,,,,,
dataflow,ESTAT:NRG_TI_GAS$DEFAULTVIEW(1.0),Imports of natural gas by partner country,A,Annual,G3000,Natural gas,TOTAL,Total,MIO_M3,Million cubic metres,HR,Croatia,2019,,2003.400,,,,,
dataflow,ESTAT:NRG_TI_GAS$DEFAULTVIEW(1.0),Imports of natural gas by partner country,A,Annual,G3000,Natural gas,TOTAL,Total,MIO_M3,Million cubic metres,HR,Croatia,2020,,2143.700,,,,,
dataflow,ESTAT:NRG_TI_GAS$DEFAULTVIEW(1.0),Imports of natural gas by partner country,A,Annual,G3000,Natural gas,TOTAL,Total,MIO_M3,Million cubic metres,HR,Croatia,2021,,2290.600,,,,,
dataflow,ESTAT:NRG_TI_GAS$DEFAULTVIEW(1.0),Imports of natural gas by partner country,A,Annual,G3000,Natural gas,TOTAL,Total,MIO_M3,Million cubic metres,HR,Croatia,2022,,3021.500,,,,,
dataflow,ESTAT:NRG_TI_GAS$DEFAULTVIEW(1.0),Imports of natural gas by partner country,A,Annual,G3000,Natural gas,TOTAL,Total,MIO_M3,Million cubic metres,HR,Croatia,2023,,2868.700,,,,,
dataflow,ESTAT:NRG_TI_GAS$DEFAULTVIEW(1.0),Imports of natural gas by partner country,A,Annual,G3000,Natural gas,TOTAL,Total,MIO_M3,Million cubic metres,HU,Hungary,2014,,8942.000,,,,,
dataflow,ESTAT:NRG_TI_GAS$DEFAULTVIEW(1.0),Imports of natural gas by partner country,A,Annual,G3000,Natural gas,TOTAL,Total,MIO_M3,Million cubic metres,HU,Hungary,2015,,6790.000,,,,,
dataflow,ESTAT:NRG_TI_GAS$DEFAULTVIEW(1.0),Imports of natural gas by partner country,A,Annual,G3000,Natural gas,TOTAL,Total,MIO_M3,Million cubic metres,HU,Hungary,2016,,7552.000,,,,,
dataflow,ESTAT:NRG_TI_GAS$DEFAULTVIEW(1.0),Imports of natural gas by partner country,A,Annual,G3000,Natural gas,TOTAL,Total,MIO_M3,Million cubic metres,HU,Hungary,2017,,9845.000,,,,,
dataflow,ESTAT:NRG_TI_GAS$DEFAULTVIEW(1.0),Imports of natural gas by partner country,A,Annual,G3000,Natural gas,TOTAL,Total,MIO_M3,Million cubic metres,HU,Hungary,2018,,7740.000,,,,,
dataflow,ESTAT:NRG_TI_GAS$DEFAULTVIEW(1.0),Imports of natural gas by partner country,A,Annual,G3000,Natural gas,TOTAL,Total,MIO_M3,Million cubic metres,HU,Hungary,2019,,11669.000,,,,,
dataflow,ESTAT:NRG_TI_GAS$DEFAULTVIEW(1.0),Imports of natural gas by partner country,A,Annual,G3000,Natural gas,TOTAL,Total,MIO_M3,Million cubic metres,HU,Hungary,2020,,7936.000,,,,,
dataflow,ESTAT:NRG_TI_GAS$DEFAULTVIEW(1.0),Imports of natural gas by partner country,A,Annual,G3000,Natural gas,TOTAL,Total,MIO_M3,Million cubic metres,HU,Hungary,2021,,7479.000,,,,,
dataflow,ESTAT:NRG_TI_GAS$DEFAULTVIEW(1.0),Imports of natural gas by partner country,A,Annual,G3000,Natural gas,TOTAL,Total,MIO_M3,Million cubic metres,HU,Hungary,2022,,9314.000,,,,,
dataflow,ESTAT:NRG_TI_GAS$DEFAULTVIEW(1.0),Imports of natural gas by partner country,A,Annual,G3000,Natural gas,TOTAL,Total,MIO_M3,Million cubic metres,HU,Hungary,2023,,8211.000,,,,,
dataflow,ESTAT:NRG_TI_GAS$DEFAULTVIEW(1.0),Imports of natural gas by partner country,A,Annual,G3000,Natural gas,TOTAL,Total,MIO_M3,Million cubic metres,IE,Ireland,2014,,4245.621,,,,,
dataflow,ESTAT:NRG_TI_GAS$DEFAULTVIEW(1.0),Imports of natural gas by partner country,A,Annual,G3000,Natural gas,TOTAL,Total,MIO_M3,Million cubic metres,IE,Ireland,2015,,4234.000,,,,,
dataflow,ESTAT:NRG_TI_GAS$DEFAULTVIEW(1.0),Imports of natural gas by partner country,A,Annual,G3000,Natural gas,TOTAL,Total,MIO_M3,Million cubic metres,IE,Ireland,2016,,2004.000,,,,,
dataflow,ESTAT:NRG_TI_GAS$DEFAULTVIEW(1.0),Imports of natural gas by partner country,A,Annual,G3000,Natural gas,TOTAL,Total,MIO_M3,Million cubic metres,IE,Ireland,2017,,1652.587,,,,,
dataflow,ESTAT:NRG_TI_GAS$DEFAULTVIEW(1.0),Imports of natural gas by partner country,A,Annual,G3000,Natural gas,TOTAL,Total,MIO_M3,Million cubic metres,IE,Ireland,2018,,2040.651,,,,,
dataflow,ESTAT:NRG_TI_GAS$DEFAULTVIEW(1.0),Imports of natural gas by partner country,A,Annual,G3000,Natural gas,TOTAL,Total,MIO_M3,Million cubic metres,IE,Ireland,2019,,2852.223,,,,,
dataflow,ESTAT:NRG_TI_GAS$DEFAULTVIEW(1.0),Imports of natural gas by partner country,A,Annual,G3000,Natural gas,TOTAL,Total,MIO_M3,Million cubic metres,IE,Ireland,2020,,3437.000,,,,,
dataflow,ESTAT:NRG_TI_GAS$DEFAULTVIEW(1.0),Imports of natural gas by partner country,A,Annual,G3000,Natural gas,TOTAL,Total,MIO_M3,Million cubic metres,IE,Ireland,2021,,3662.185,,,,,
dataflow,ESTAT:NRG_TI_GAS$DEFAULTVIEW(1.0),Imports of natural gas by partner country,A,Annual,G3000,Natural gas,TOTAL,Total,MIO_M3,Million cubic metres,IE,Ireland,2022,,3846.409,,,,,
dataflow,ESTAT:NRG_TI_GAS$DEFAULTVIEW(1.0),Imports of natural gas by partner country,A,Annual,G3000,Natural gas,TOTAL,Total,MIO_M3,Million cubic metres,IE,Ireland,2023,,3716.000,,,,,
dataflow,ESTAT:NRG_TI_GAS$DEFAULTVIEW(1.0),Imports of natural gas by partner country,A,Annual,G3000,Natural gas,TOTAL,Total,MIO_M3,Million cubic metres,IS,Iceland,2014,,0.000,,,,,
dataflow,ESTAT:NRG_TI_GAS$DEFAULTVIEW(1.0),Imports of natural gas by partner country,A,Annual,G3000,Natural gas,TOTAL,Total,MIO_M3,Million cubic metres,IS,Iceland,2015,,0.000,,,,,
dataflow,ESTAT:NRG_TI_GAS$DEFAULTVIEW(1.0),Imports of natural gas by partner country,A,Annual,G3000,Natural gas,TOTAL,Total,MIO_M3,Million cubic metres,IS,Iceland,2016,,0.000,,,,,
dataflow,ESTAT:NRG_TI_GAS$DEFAULTVIEW(1.0),Imports of natural gas by partner country,A,Annual,G3000,Natural gas,TOTAL,Total,MIO_M3,Million cubic metres,IS,Iceland,2017,,0.000,,,,,
dataflow,ESTAT:NRG_TI_GAS$DEFAULTVIEW(1.0),Imports of natural gas by partner country,A,Annual,G3000,Natural gas,TOTAL,Total,MIO_M3,Million cubic metres,IS,Iceland,2018,,0.000,,,,,
dataflow,ESTAT:NRG_TI_GAS$DEFAULTVIEW(1.0),Imports of natural gas by partner country,A,Annual,G3000,Natural gas,TOTAL,Total,MIO_M3,Million cubic metres,IS,Iceland,2019,,0.000,,,,,
dataflow,ESTAT:NRG_TI_GAS$DEFAULTVIEW(1.0),Imports of natural gas by partner country,A,Annual,G3000,Natural gas,TOTAL,Total,MIO_M3,Million cubic metres,IS,Iceland,2020,,0.000,,,,,
dataflow,ESTAT:NRG_TI_GAS$DEFAULTVIEW(1.0),Imports of natural gas by partner country,A,Annual,G3000,Natural gas,TOTAL,Total,MIO_M3,Million cubic metres,IS,Iceland,2021,,0.000,,,,,
dataflow,ESTAT:NRG_TI_GAS$DEFAULTVIEW(1.0),Imports of natural gas by partner country,A,Annual,G3000,Natural gas,TOTAL,Total,MIO_M3,Million cubic metres,IS,Iceland,2023,,0.000,,,,,
dataflow,ESTAT:NRG_TI_GAS$DEFAULTVIEW(1.0),Imports of natural gas by partner country,A,Annual,G3000,Natural gas,TOTAL,Total,MIO_M3,Million cubic metres,IT,Italy,2014,,55757.000,,,,,
dataflow,ESTAT:NRG_TI_GAS$DEFAULTVIEW(1.0),Imports of natural gas by partner country,A,Annual,G3000,Natural gas,TOTAL,Total,MIO_M3,Million cubic metres,IT,Italy,2015,,61266.000,,,,,
dataflow,ESTAT:NRG_TI_GAS$DEFAULTVIEW(1.0),Imports of natural gas by partner country,A,Annual,G3000,Natural gas,TOTAL,Total,MIO_M3,Million cubic metres,IT,Italy,2016,,65284.000,,,,,
dataflow,ESTAT:NRG_TI_GAS$DEFAULTVIEW(1.0),Imports of natural gas by partner country,A,Annual,G3000,Natural gas,TOTAL,Total,MIO_M3,Million cubic metres,IT,Italy,2017,,69650.038,,,,,
dataflow,ESTAT:NRG_TI_GAS$DEFAULTVIEW(1.0),Imports of natural gas by partner country,A,Annual,G3000,Natural gas,TOTAL,Total,MIO_M3,Million cubic metres,IT,Italy,2018,,67872.446,,,,,
dataflow,ESTAT:NRG_TI_GAS$DEFAULTVIEW(1.0),Imports of natural gas by partner country,A,Annual,G3000,Natural gas,TOTAL,Total,MIO_M3,Million cubic metres,IT,Italy,2019,,71065.255,,,,,
dataflow,ESTAT:NRG_TI_GAS$DEFAULTVIEW(1.0),Imports of natural gas by partner country,A,Annual,G3000,Natural gas,TOTAL,Total,MIO_M3,Million cubic metres,IT,Italy,2020,,66392.830,,,,,
dataflow,ESTAT:NRG_TI_GAS$DEFAULTVIEW(1.0),Imports of natural gas by partner country,A,Annual,G3000,Natural gas,TOTAL,Total,MIO_M3,Million cubic metres,IT,Italy,2021,,72995.529,,,,,
dataflow,ESTAT:NRG_TI_GAS$DEFAULTVIEW(1.0),Imports of natural gas by partner country,A,Annual,G3000,Natural gas,TOTAL,Total,MIO_M3,Million cubic metres,IT,Italy,2022,,72591.358,,,,,
dataflow,ESTAT:NRG_TI_GAS$DEFAULTVIEW(1.0),Imports of natural gas by partner country,A,Annual,G3000,Natural gas,TOTAL,Total,MIO_M3,Million cubic metres,IT,Italy,2023,,61823.710,,,,,
dataflow,ESTAT:NRG_TI_GAS$DEFAULTVIEW(1.0),Imports of natural gas by partner country,A,Annual,G3000,Natural gas,TOTAL,Total,MIO_M3,Million cubic metres,LI,Liechtenstein,2019,,0.000,,,,,
dataflow,ESTAT:NRG_TI_GAS$DEFAULTVIEW(1.0),Imports of natural gas by partner country,A,Annual,G3000,Natural gas,TOTAL,Total,MIO_M3,Million cubic metres,LI,Liechtenstein,2020,,25.019,,,,,
dataflow,ESTAT:NRG_TI_GAS$DEFAULTVIEW(1.0),Imports of natural gas by partner country,A,Annual,G3000,Natural gas,TOTAL,Total,MIO_M3,Million cubic metres,LI,Liechtenstein,2021,,27.907,,,,,
dataflow,ESTAT:NRG_TI_GAS$DEFAULTVIEW(1.0),Imports of natural gas by partner country,A,Annual,G3000,Natural gas,TOTAL,Total,MIO_M3,Million cubic metres,LI,Liechtenstein,2022,,23.006,,,,,
dataflow,ESTAT:NRG_TI_GAS$DEFAULTVIEW(1.0),Imports of natural gas by partner country,A,Annual,G3000,Natural gas,TOTAL,Total,MIO_M3,Million cubic metres,LI,Liechtenstein,2023,,21.179,,,,,
dataflow,ESTAT:NRG_TI_GAS$DEFAULTVIEW(1.0),Imports of natural gas by partner country,A,Annual,G3000,Natural gas,TOTAL,Total,MIO_M3,Million cubic metres,LT,Lithuania,2014,,2640.000,,,,,
dataflow,ESTAT:NRG_TI_GAS$DEFAULTVIEW(1.0),Imports of natural gas by partner country,A,Annual,G3000,Natural gas,TOTAL,Total,MIO_M3,Million cubic metres,LT,Lithuania,2015,,2588.000,,,,,
dataflow,ESTAT:NRG_TI_GAS$DEFAULTVIEW(1.0),Imports of natural gas by partner country,A,Annual,G3000,Natural gas,TOTAL,Total,MIO_M3,Million cubic metres,LT,Lithuania,2016,,2258.000,,,,,
dataflow,ESTAT:NRG_TI_GAS$DEFAULTVIEW(1.0),Imports of natural gas by partner country,A,Annual,G3000,Natural gas,TOTAL,Total,MIO_M3,Million cubic metres,LT,Lithuania,2017,,2501.000,,,,,
dataflow,ESTAT:NRG_TI_GAS$DEFAULTVIEW(1.0),Imports of natural gas by partner country,A,Annual,G3000,Natural gas,TOTAL,Total,MIO_M3,Million cubic metres,LT,Lithuania,2018,,2295.000,,,,,
dataflow,ESTAT:NRG_TI_GAS$DEFAULTVIEW(1.0),Imports of natural gas by partner country,A,Annual,G3000,Natural gas,TOTAL,Total,MIO_M3,Million cubic metres,LT,Lithuania,2019,,2749.000,,,,,
dataflow,ESTAT:NRG_TI_GAS$DEFAULTVIEW(1.0),Imports of natural gas by partner country,A,Annual,G3000,Natural gas,TOTAL,Total,MIO_M3,Million cubic metres,LT,Lithuania,2020,,2862.100,,,,,
dataflow,ESTAT:NRG_TI_GAS$DEFAULTVIEW(1.0),Imports of natural gas by partner country,A,Annual,G3000,Natural gas,TOTAL,Total,MIO_M3,Million cubic metres,LT,Lithuania,2021,,2422.400,,,,,
dataflow,ESTAT:NRG_TI_GAS$DEFAULTVIEW(1.0),Imports of natural gas by partner country,A,Annual,G3000,Natural gas,TOTAL,Total,MIO_M3,Million cubic metres,LT,Lithuania,2022,,3543.800,,,,,
dataflow,ESTAT:NRG_TI_GAS$DEFAULTVIEW(1.0),Imports of natural gas by partner country,A,Annual,G3000,Natural gas,TOTAL,Total,MIO_M3,Million cubic metres,LT,Lithuania,2023,,3298.100,,,,,
dataflow,ESTAT:NRG_TI_GAS$DEFAULTVIEW(1.0),Imports of natural gas by partner country,A,Annual,G3000,Natural gas,TOTAL,Total,MIO_M3,Million cubic metres,LU,Luxembourg,2014,,972.772,,,,,
dataflow,ESTAT:NRG_TI_GAS$DEFAULTVIEW(1.0),Imports of natural gas by partner country,A,Annual,G3000,Natural gas,TOTAL,Total,MIO_M3,Million cubic metres,LU,Luxembourg,2015,,874.777,,,,,
dataflow,ESTAT:NRG_TI_GAS$DEFAULTVIEW(1.0),Imports of natural gas by partner country,A,Annual,G3000,Natural gas,TOTAL,Total,MIO_M3,Million cubic metres,LU,Luxembourg,2016,,803.881,,,,,
dataflow,ESTAT:NRG_TI_GAS$DEFAULTVIEW(1.0),Imports of natural gas by partner country,A,Annual,G3000,Natural gas,TOTAL,Total,MIO_M3,Million cubic metres,LU,Luxembourg,2017,,784.763,,,,,
dataflow,ESTAT:NRG_TI_GAS$DEFAULTVIEW(1.0),Imports of natural gas by partner country,A,Annual,G3000,Natural gas,TOTAL,Total,MIO_M3,Million cubic metres,LU,Luxembourg,2018,,778.526,,,,,
dataflow,ESTAT:NRG_TI_GAS$DEFAULTVIEW(1.0),Imports of natural gas by partner country,A,Annual,G3000,Natural gas,TOTAL,Total,MIO_M3,Million cubic metres,LU,Luxembourg,2019,,779.366,,,,,
dataflow,ESTAT:NRG_TI_GAS$DEFAULTVIEW(1.0),Imports of natural gas by partner country,A,Annual,G3000,Natural gas,TOTAL,Total,MIO_M3,Million cubic metres,LU,Luxembourg,2020,,703.453,,,,,
dataflow,ESTAT:NRG_TI_GAS$DEFAULTVIEW(1.0),Imports of natural gas by partner country,A,Annual,G3000,Natural gas,TOTAL,Total,MIO_M3,Million cubic metres,LU,Luxembourg,2021,,756.750,,,,,
dataflow,ESTAT:NRG_TI_GAS$DEFAULTVIEW(1.0),Imports of natural gas by partner country,A,Annual,G3000,Natural gas,TOTAL,Total,MIO_M3,Million cubic metres,LU,Luxembourg,2022,,588.969,,,,,
dataflow,ESTAT:NRG_TI_GAS$DEFAULTVIEW(1.0),Imports of natural gas by partner country,A,Annual,G3000,Natural gas,TOTAL,Total,MIO_M3,Million cubic metres,LU,Luxembourg,2023,,551.361,,,,,
dataflow,ESTAT:NRG_TI_GAS$DEFAULTVIEW(1.0),Imports of natural gas by partner country,A,Annual,G3000,Natural gas,TOTAL,Total,MIO_M3,Million cubic metres,LV,Latvia,2014,,947.000,,,,,
dataflow,ESTAT:NRG_TI_GAS$DEFAULTVIEW(1.0),Imports of natural gas by partner country,A,Annual,G3000,Natural gas,TOTAL,Total,MIO_M3,Million cubic metres,LV,Latvia,2015,,1306.000,,,,,
dataflow,ESTAT:NRG_TI_GAS$DEFAULTVIEW(1.0),Imports of natural gas by partner country,A,Annual,G3000,Natural gas,TOTAL,Total,MIO_M3,Million cubic metres,LV,Latvia,2016,,1132.000,,,,,
dataflow,ESTAT:NRG_TI_GAS$DEFAULTVIEW(1.0),Imports of natural gas by partner country,A,Annual,G3000,Natural gas,TOTAL,Total,MIO_M3,Million cubic metres,LV,Latvia,2017,,1242.660,,,,,
dataflow,ESTAT:NRG_TI_GAS$DEFAULTVIEW(1.0),Imports of natural gas by partner country,A,Annual,G3000,Natural gas,TOTAL,Total,MIO_M3,Million cubic metres,LV,Latvia,2018,,1414.807,,,,,
dataflow,ESTAT:NRG_TI_GAS$DEFAULTVIEW(1.0),Imports of natural gas by partner country,A,Annual,G3000,Natural gas,TOTAL,Total,MIO_M3,Million cubic metres,LV,Latvia,2019,,1353.952,,,,,
dataflow,ESTAT:NRG_TI_GAS$DEFAULTVIEW(1.0),Imports of natural gas by partner country,A,Annual,G3000,Natural gas,TOTAL,Total,MIO_M3,Million cubic metres,LV,Latvia,2020,,1114.949,,,,,
dataflow,ESTAT:NRG_TI_GAS$DEFAULTVIEW(1.0),Imports of natural gas by partner country,A,Annual,G3000,Natural gas,TOTAL,Total,MIO_M3,Million cubic metres,LV,Latvia,2021,,1186.959,,,,,
dataflow,ESTAT:NRG_TI_GAS$DEFAULTVIEW(1.0),Imports of natural gas by partner country,A,Annual,G3000,Natural gas,TOTAL,Total,MIO_M3,Million cubic metres,LV,Latvia,2022,,841.405,,,,,
dataflow,ESTAT:NRG_TI_GAS$DEFAULTVIEW(1.0),Imports of natural gas by partner country,A,Annual,G3000,Natural gas,TOTAL,Total,MIO_M3,Million cubic metres,LV,Latvia,2023,,802.539,,,,,
dataflow,ESTAT:NRG_TI_GAS$DEFAULTVIEW(1.0),Imports of natural gas by partner country,A,Annual,G3000,Natural gas,TOTAL,Total,MIO_M3,Million cubic metres,MD,Moldova,2014,,1053.000,,,,,
dataflow,ESTAT:NRG_TI_GAS$DEFAULTVIEW(1.0),Imports of natural gas by partner country,A,Annual,G3000,Natural gas,TOTAL,Total,MIO_M3,Million cubic metres,MD,Moldova,2015,,1008.000,,,,,
dataflow,ESTAT:NRG_TI_GAS$DEFAULTVIEW(1.0),Imports of natural gas by partner country,A,Annual,G3000,Natural gas,TOTAL,Total,MIO_M3,Million cubic metres,MD,Moldova,2016,,1038.000,,,,,
dataflow,ESTAT:NRG_TI_GAS$DEFAULTVIEW(1.0),Imports of natural gas by partner country,A,Annual,G3000,Natural gas,TOTAL,Total,MIO_M3,Million cubic metres,MD,Moldova,2017,,1033.482,,,,,
dataflow,ESTAT:NRG_TI_GAS$DEFAULTVIEW(1.0),Imports of natural gas by partner country,A,Annual,G3000,Natural gas,TOTAL,Total,MIO_M3,Million cubic metres,MD,Moldova,2018,,1129.700,,,,,
dataflow,ESTAT:NRG_TI_GAS$DEFAULTVIEW(1.0),Imports of natural gas by partner country,A,Annual,G3000,Natural gas,TOTAL,Total,MIO_M3,Million cubic metres,MD,Moldova,2019,,1039.600,,,,,
dataflow,ESTAT:NRG_TI_GAS$DEFAULTVIEW(1.0),Imports of natural gas by partner country,A,Annual,G3000,Natural gas,TOTAL,Total,MIO_M3,Million cubic metres,MD,Moldova,2020,,1056.000,,,,,
dataflow,ESTAT:NRG_TI_GAS$DEFAULTVIEW(1.0),Imports of natural gas by partner country,A,Annual,G3000,Natural gas,TOTAL,Total,MIO_M3,Million cubic metres,MD,Moldova,2021,,1215.200,,,,,
dataflow,ESTAT:NRG_TI_GAS$DEFAULTVIEW(1.0),Imports of natural gas by partner country,A,Annual,G3000,Natural gas,TOTAL,Total,MIO_M3,Million cubic metres,MD,Moldova,2022,,947.800,,,,,
dataflow,ESTAT:NRG_TI_GAS$DEFAULTVIEW(1.0),Imports of natural gas by partner country,A,Annual,G3000,Natural gas,TOTAL,Total,MIO_M3,Million cubic metres,MD,Moldova,2023,,628.400,,,,,
dataflow,ESTAT:NRG_TI_GAS$DEFAULTVIEW(1.0),Imports of natural gas by partner country,A,Annual,G3000,Natural gas,TOTAL,Total,MIO_M3,Million cubic metres,ME,Montenegro,2014,,0.000,,,,,
dataflow,ESTAT:NRG_TI_GAS$DEFAULTVIEW(1.0),Imports of natural gas by partner country,A,Annual,G3000,Natural gas,TOTAL,Total,MIO_M3,Million cubic metres,ME,Montenegro,2015,,0.000,,,,,
dataflow,ESTAT:NRG_TI_GAS$DEFAULTVIEW(1.0),Imports of natural gas by partner country,A,Annual,G3000,Natural gas,TOTAL,Total,MIO_M3,Million cubic metres,ME,Montenegro,2016,,0.000,,,,,
dataflow,ESTAT:NRG_TI_GAS$DEFAULTVIEW(1.0),Imports of natural gas by partner country,A,Annual,G3000,Natural gas,TOTAL,Total,MIO_M3,Million cubic metres,ME,Montenegro,2017,,0.000,,,,,
dataflow,ESTAT:NRG_TI_GAS$DEFAULTVIEW(1.0),Imports of natural gas by partner country,A,Annual,G3000,Natural gas,TOTAL,Total,MIO_M3,Million cubic metres,ME,Montenegro,2018,,0.000,,,,,
dataflow,ESTAT:NRG_TI_GAS$DEFAULTVIEW(1.0),Imports of natural gas by partner country,A,Annual,G3000,Natural gas,TOTAL,Total,MIO_M3,Million cubic metres,ME,Montenegro,2019,,0.000,,,,,
dataflow,ESTAT:NRG_TI_GAS$DEFAULTVIEW(1.0),Imports of natural gas by partner country,A,Annual,G3000,Natural gas,TOTAL,Total,MIO_M3,Million cubic metres,ME,Montenegro,2020,,0.000,,,,,
dataflow,ESTAT:NRG_TI_GAS$DEFAULTVIEW(1.0),Imports of natural gas by partner country,A,Annual,G3000,Natural gas,TOTAL,Total,MIO_M3,Million cubic metres,ME,Montenegro,2021,,0.000,,,,,
dataflow,ESTAT:NRG_TI_GAS$DEFAULTVIEW(1.0),Imports of natural gas by partner country,A,Annual,G3000,Natural gas,TOTAL,Total,MIO_M3,Million cubic metres,ME,Montenegro,2022,,0.000,,,,,
dataflow,ESTAT:NRG_TI_GAS$DEFAULTVIEW(1.0),Imports of natural gas by partner country,A,Annual,G3000,Natural gas,TOTAL,Total,MIO_M3,Million cubic metres,ME,Montenegro,2023,,0.000,,,,,
dataflow,ESTAT:NRG_TI_GAS$DEFAULTVIEW(1.0),Imports of natural gas by partner country,A,Annual,G3000,Natural gas,TOTAL,Total,MIO_M3,Million cubic metres,MK,North Macedonia,2014,,134.000,,,,,
dataflow,ESTAT:NRG_TI_GAS$DEFAULTVIEW(1.0),Imports of natural gas by partner country,A,Annual,G3000,Natural gas,TOTAL,Total,MIO_M3,Million cubic metres,MK,North Macedonia,2015,,135.000,,,,,
dataflow,ESTAT:NRG_TI_GAS$DEFAULTVIEW(1.0),Imports of natural gas by partner country,A,Annual,G3000,Natural gas,TOTAL,Total,MIO_M3,Million cubic metres,MK,North Macedonia,2016,,211.000,,,,,
dataflow,ESTAT:NRG_TI_GAS$DEFAULTVIEW(1.0),Imports of natural gas by partner country,A,Annual,G3000,Natural gas,TOTAL,Total,MIO_M3,Million cubic metres,MK,North Macedonia,2017,,271.000,,,,,
dataflow,ESTAT:NRG_TI_GAS$DEFAULTVIEW(1.0),Imports of natural gas by partner country,A,Annual,G3000,Natural gas,TOTAL,Total,MIO_M3,Million cubic metres,MK,North Macedonia,2018,,251.000,,,,,
dataflow,ESTAT:NRG_TI_GAS$DEFAULTVIEW(1.0),Imports of natural gas by partner country,A,Annual,G3000,Natural gas,TOTAL,Total,MIO_M3,Million cubic metres,MK,North Macedonia,2019,,292.000,,,,,
dataflow,ESTAT:NRG_TI_GAS$DEFAULTVIEW(1.0),Imports of natural gas by partner country,A,Annual,G3000,Natural gas,TOTAL,Total,MIO_M3,Million cubic metres,MK,North Macedonia,2020,,334.462,,,,,
dataflow,ESTAT:NRG_TI_GAS$DEFAULTVIEW(1.0),Imports of natural gas by partner country,A,Annual,G3000,Natural gas,TOTAL,Total,MIO_M3,Million cubic metres,MK,North Macedonia,2021,,432.146,,,,,
dataflow,ESTAT:NRG_TI_GAS$DEFAULTVIEW(1.0),Imports of natural gas by partner country,A,Annual,G3000,Natural gas,TOTAL,Total,MIO_M3,Million cubic metres,MK,North Macedonia,2022,,286.985,,,,,
dataflow,ESTAT:NRG_TI_GAS$DEFAULTVIEW(1.0),Imports of natural gas by partner country,A,Annual,G3000,Natural gas,TOTAL,Total,MIO_M3,Million cubic metres,MK,North Macedonia,2023,,356.334,,,,,
dataflow,ESTAT:NRG_TI_GAS$DEFAULTVIEW(1.0),Imports of natural gas by partner country,A,Annual,G3000,Natural gas,TOTAL,Total,MIO_M3,Million cubic metres,MT,Malta,2014,,0.000,,,,,
dataflow,ESTAT:NRG_TI_GAS$DEFAULTVIEW(1.0),Imports of natural gas by partner country,A,Annual,G3000,Natural gas,TOTAL,Total,MIO_M3,Million cubic metres,MT,Malta,2015,,0.000,,,,,
dataflow,ESTAT:NRG_TI_GAS$DEFAULTVIEW(1.0),Imports of natural gas by partner country,A,Annual,G3000,Natural gas,TOTAL,Total,MIO_M3,Million cubic metres,MT,Malta,2016,,0.000,,,,,
dataflow,ESTAT:NRG_TI_GAS$DEFAULTVIEW(1.0),Imports of natural gas by partner country,A,Annual,G3000,Natural gas,TOTAL,Total,MIO_M3,Million cubic metres,MT,Malta,2017,,301.825,,,,,
dataflow,ESTAT:NRG_TI_GAS$DEFAULTVIEW(1.0),Imports of natural gas by partner country,A,Annual,G3000,Natural gas,TOTAL,Total,MIO_M3,Million cubic metres,MT,Malta,2018,,378.707,,,,,
dataflow,ESTAT:NRG_TI_GAS$DEFAULTVIEW(1.0),Imports of natural gas by partner country,A,Annual,G3000,Natural gas,TOTAL,Total,MIO_M3,Million cubic metres,MT,Malta,2019,,379.422,,,,,
dataflow,ESTAT:NRG_TI_GAS$DEFAULTVIEW(1.0),Imports of natural gas by partner country,A,Annual,G3000,Natural gas,TOTAL,Total,MIO_M3,Million cubic metres,MT,Malta,2020,,364.182,,,,,
dataflow,ESTAT:NRG_TI_GAS$DEFAULTVIEW(1.0),Imports of natural gas by partner country,A,Annual,G3000,Natural gas,TOTAL,Total,MIO_M3,Million cubic metres,MT,Malta,2021,,392.272,,,,,
dataflow,ESTAT:NRG_TI_GAS$DEFAULTVIEW(1.0),Imports of natural gas by partner country,A,Annual,G3000,Natural gas,TOTAL,Total,MIO_M3,Million cubic metres,MT,Malta,2022,,384.442,,,,,
dataflow,ESTAT:NRG_TI_GAS$DEFAULTVIEW(1.0),Imports of natural gas by partner country,A,Annual,G3000,Natural gas,TOTAL,Total,MIO_M3,Million cubic metres,MT,Malta,2023,,376.798,,,,,
dataflow,ESTAT:NRG_TI_GAS$DEFAULTVIEW(1.0),Imports of natural gas by partner country,A,Annual,G3000,Natural gas,TOTAL,Total,MIO_M3,Million cubic metres,NL,Netherlands,2014,,31151.000,,,,,
dataflow,ESTAT:NRG_TI_GAS$DEFAULTVIEW(1.0),Imports of natural gas by partner country,A,Annual,G3000,Natural gas,TOTAL,Total,MIO_M3,Million cubic metres,NL,Netherlands,2015,,36392.121,,,,,
dataflow,ESTAT:NRG_TI_GAS$DEFAULTVIEW(1.0),Imports of natural gas by partner country,A,Annual,G3000,Natural gas,TOTAL,Total,MIO_M3,Million cubic metres,NL,Netherlands,2016,,41818.478,,,,,
dataflow,ESTAT:NRG_TI_GAS$DEFAULTVIEW(1.0),Imports of natural gas by partner country,A,Annual,G3000,Natural gas,TOTAL,Total,MIO_M3,Million cubic metres,NL,Netherlands,2017,,24037.742,,,,,
dataflow,ESTAT:NRG_TI_GAS$DEFAULTVIEW(1.0),Imports of natural gas by partner country,A,Annual,G3000,Natural gas,TOTAL,Total,MIO_M3,Million cubic metres,NL,Netherlands,2018,,31095.277,,,,,
dataflow,ESTAT:NRG_TI_GAS$DEFAULTVIEW(1.0),Imports of natural gas by partner country,A,Annual,G3000,Natural gas,TOTAL,Total,MIO_M3,Million cubic metres,NL,Netherlands,2019,,35632.951,,,,,
dataflow,ESTAT:NRG_TI_GAS$DEFAULTVIEW(1.0),Imports of natural gas by partner country,A,Annual,G3000,Natural gas,TOTAL,Total,MIO_M3,Million cubic metres,NL,Netherlands,2020,,36195.598,,,,,
dataflow,ESTAT:NRG_TI_GAS$DEFAULTVIEW(1.0),Imports of natural gas by partner country,A,Annual,G3000,Natural gas,TOTAL,Total,MIO_M3,Million cubic metres,NL,Netherlands,2021,,30902.235,,,,,
dataflow,ESTAT:NRG_TI_GAS$DEFAULTVIEW(1.0),Imports of natural gas by partner country,A,Annual,G3000,Natural gas,TOTAL,Total,MIO_M3,Million cubic metres,NL,Netherlands,2022,,38786.376,,,,,
dataflow,ESTAT:NRG_TI_GAS$DEFAULTVIEW(1.0),Imports of natural gas by partner country,A,Annual,G3000,Natural gas,TOTAL,Total,MIO_M3,Million cubic metres,NL,Netherlands,2023,,40328.933,,,,,
dataflow,ESTAT:NRG_TI_GAS$DEFAULTVIEW(1.0),Imports of natural gas by partner country,A,Annual,G3000,Natural gas,TOTAL,Total,MIO_M3,Million cubic metres,NO,Norway,2014,,0.000,,,,,
dataflow,ESTAT:NRG_TI_GAS$DEFAULTVIEW(1.0),Imports of natural gas by partner country,A,Annual,G3000,Natural gas,TOTAL,Total,MIO_M3,Million cubic metres,NO,Norway,2015,,0.000,,,,,
dataflow,ESTAT:NRG_TI_GAS$DEFAULTVIEW(1.0),Imports of natural gas by partner country,A,Annual,G3000,Natural gas,TOTAL,Total,MIO_M3,Million cubic metres,NO,Norway,2016,,0.000,,,,,
dataflow,ESTAT:NRG_TI_GAS$DEFAULTVIEW(1.0),Imports of natural gas by partner country,A,Annual,G3000,Natural gas,TOTAL,Total,MIO_M3,Million cubic metres,NO,Norway,2017,,0.000,,,,,
dataflow,ESTAT:NRG_TI_GAS$DEFAULTVIEW(1.0),Imports of natural gas by partner country,A,Annual,G3000,Natural gas,TOTAL,Total,MIO_M3,Million cubic metres,NO,Norway,2018,,9.191,,,,,
dataflow,ESTAT:NRG_TI_GAS$DEFAULTVIEW(1.0),Imports of natural gas by partner country,A,Annual,G3000,Natural gas,TOTAL,Total,MIO_M3,Million cubic metres,NO,Norway,2019,,26.913,,,,,
dataflow,ESTAT:NRG_TI_GAS$DEFAULTVIEW(1.0),Imports of natural gas by partner country,A,Annual,G3000,Natural gas,TOTAL,Total,MIO_M3,Million cubic metres,NO,Norway,2020,,33.822,,,,,
dataflow,ESTAT:NRG_TI_GAS$DEFAULTVIEW(1.0),Imports of natural gas by partner country,A,Annual,G3000,Natural gas,TOTAL,Total,MIO_M3,Million cubic metres,NO,Norway,2021,,160.325,,,,,
dataflow,ESTAT:NRG_TI_GAS$DEFAULTVIEW(1.0),Imports of natural gas by partner country,A,Annual,G3000,Natural gas,TOTAL,Total,MIO_M3,Million cubic metres,NO,Norway,2022,,67.806,,,,,
dataflow,ESTAT:NRG_TI_GAS$DEFAULTVIEW(1.0),Imports of natural gas by partner country,A,Annual,G3000,Natural gas,TOTAL,Total,MIO_M3,Million cubic metres,NO,Norway,2023,,102.588,,,,,
dataflow,ESTAT:NRG_TI_GAS$DEFAULTVIEW(1.0),Imports of natural gas by partner country,A,Annual,G3000,Natural gas,TOTAL,Total,MIO_M3,Million cubic metres,PL,Poland,2014,,11819.000,,,,,
dataflow,ESTAT:NRG_TI_GAS$DEFAULTVIEW(1.0),Imports of natural gas by partner country,A,Annual,G3000,Natural gas,TOTAL,Total,MIO_M3,Million cubic metres,PL,Poland,2015,,12121.000,,,,,
dataflow,ESTAT:NRG_TI_GAS$DEFAULTVIEW(1.0),Imports of natural gas by partner country,A,Annual,G3000,Natural gas,TOTAL,Total,MIO_M3,Million cubic metres,PL,Poland,2016,,14679.000,,,,,
dataflow,ESTAT:NRG_TI_GAS$DEFAULTVIEW(1.0),Imports of natural gas by partner country,A,Annual,G3000,Natural gas,TOTAL,Total,MIO_M3,Million cubic metres,PL,Poland,2017,,15727.284,,,,,
dataflow,ESTAT:NRG_TI_GAS$DEFAULTVIEW(1.0),Imports of natural gas by partner country,A,Annual,G3000,Natural gas,TOTAL,Total,MIO_M3,Million cubic metres,PL,Poland,2018,,15766.858,,,,,
dataflow,ESTAT:NRG_TI_GAS$DEFAULTVIEW(1.0),Imports of natural gas by partner country,A,Annual,G3000,Natural gas,TOTAL,Total,MIO_M3,Million cubic metres,PL,Poland,2019,,17451.368,,,,,
dataflow,ESTAT:NRG_TI_GAS$DEFAULTVIEW(1.0),Imports of natural gas by partner country,A,Annual,G3000,Natural gas,TOTAL,Total,MIO_M3,Million cubic metres,PL,Poland,2020,,17415.952,,,,,
dataflow,ESTAT:NRG_TI_GAS$DEFAULTVIEW(1.0),Imports of natural gas by partner country,A,Annual,G3000,Natural gas,TOTAL,Total,MIO_M3,Million cubic metres,PL,Poland,2021,,18502.911,,,,,
dataflow,ESTAT:NRG_TI_GAS$DEFAULTVIEW(1.0),Imports of natural gas by partner country,A,Annual,G3000,Natural gas,TOTAL,Total,MIO_M3,Million cubic metres,PL,Poland,2022,,15198.471,,,,,
dataflow,ESTAT:NRG_TI_GAS$DEFAULTVIEW(1.0),Imports of natural gas by partner country,A,Annual,G3000,Natural gas,TOTAL,Total,MIO_M3,Million cubic metres,PL,Poland,2023,,15887.219,,,,,
dataflow,ESTAT:NRG_TI_GAS$DEFAULTVIEW(1.0),Imports of natural gas by partner country,A,Annual,G3000,Natural gas,TOTAL,Total,MIO_M3,Million cubic metres,PT,Portugal,2014,,4070.000,,,,,
dataflow,ESTAT:NRG_TI_GAS$DEFAULTVIEW(1.0),Imports of natural gas by partner country,A,Annual,G3000,Natural gas,TOTAL,Total,MIO_M3,Million cubic metres,PT,Portugal,2015,,4713.000,,,,,
dataflow,ESTAT:NRG_TI_GAS$DEFAULTVIEW(1.0),Imports of natural gas by partner country,A,Annual,G3000,Natural gas,TOTAL,Total,MIO_M3,Million cubic metres,PT,Portugal,2016,,4945.000,,,,,
dataflow,ESTAT:NRG_TI_GAS$DEFAULTVIEW(1.0),Imports of natural gas by partner country,A,Annual,G3000,Natural gas,TOTAL,Total,MIO_M3,Million cubic metres,PT,Portugal,2017,,6274.734,,,,,
dataflow,ESTAT:NRG_TI_GAS$DEFAULTVIEW(1.0),Imports of natural gas by partner country,A,Annual,G3000,Natural gas,TOTAL,Total,MIO_M3,Million cubic metres,PT,Portugal,2018,,5817.658,,,,,
dataflow,ESTAT:NRG_TI_GAS$DEFAULTVIEW(1.0),Imports of natural gas by partner country,A,Annual,G3000,Natural gas,TOTAL,Total,MIO_M3,Million cubic metres,PT,Portugal,2019,,6069.167,,,,,
dataflow,ESTAT:NRG_TI_GAS$DEFAULTVIEW(1.0),Imports of natural gas by partner country,A,Annual,G3000,Natural gas,TOTAL,Total,MIO_M3,Million cubic metres,PT,Portugal,2020,,5920.240,,,,,
dataflow,ESTAT:NRG_TI_GAS$DEFAULTVIEW(1.0),Imports of natural gas by partner country,A,Annual,G3000,Natural gas,TOTAL,Total,MIO_M3,Million cubic metres,PT,Portugal,2021,,5727.186,,,,,
dataflow,ESTAT:NRG_TI_GAS$DEFAULTVIEW(1.0),Imports of natural gas by partner country,A,Annual,G3000,Natural gas,TOTAL,Total,MIO_M3,Million cubic metres,PT,Portugal,2022,,5802.921,,,,,
dataflow,ESTAT:NRG_TI_GAS$DEFAULTVIEW(1.0),Imports of natural gas by partner country,A,Annual,G3000,Natural gas,TOTAL,Total,MIO_M3,Million cubic metres,PT,Portugal,2023,,4332.600,,,,,
dataflow,ESTAT:NRG_TI_GAS$DEFAULTVIEW(1.0),Imports of natural gas by partner country,A,Annual,G3000,Natural gas,TOTAL,Total,MIO_M3,Million cubic metres,RO,Romania,2014,,584.000,,,,,
dataflow,ESTAT:NRG_TI_GAS$DEFAULTVIEW(1.0),Imports of natural gas by partner country,A,Annual,G3000,Natural gas,TOTAL,Total,MIO_M3,Million cubic metres,RO,Romania,2015,,203.000,,,,,
dataflow,ESTAT:NRG_TI_GAS$DEFAULTVIEW(1.0),Imports of natural gas by partner country,A,Annual,G3000,Natural gas,TOTAL,Total,MIO_M3,Million cubic metres,RO,Romania,2016,,1476.000,,,,,
dataflow,ESTAT:NRG_TI_GAS$DEFAULTVIEW(1.0),Imports of natural gas by partner country,A,Annual,G3000,Natural gas,TOTAL,Total,MIO_M3,Million cubic metres,RO,Romania,2017,,1195.694,,,,,
dataflow,ESTAT:NRG_TI_GAS$DEFAULTVIEW(1.0),Imports of natural gas by partner country,A,Annual,G3000,Natural gas,TOTAL,Total,MIO_M3,Million cubic metres,RO,Romania,2018,,1516.552,,,,,
dataflow,ESTAT:NRG_TI_GAS$DEFAULTVIEW(1.0),Imports of natural gas by partner country,A,Annual,G3000,Natural gas,TOTAL,Total,MIO_M3,Million cubic metres,RO,Romania,2019,,2681.072,,,,,
dataflow,ESTAT:NRG_TI_GAS$DEFAULTVIEW(1.0),Imports of natural gas by partner country,A,Annual,G3000,Natural gas,TOTAL,Total,MIO_M3,Million cubic metres,RO,Romania,2020,,2144.357,,,,,
dataflow,ESTAT:NRG_TI_GAS$DEFAULTVIEW(1.0),Imports of natural gas by partner country,A,Annual,G3000,Natural gas,TOTAL,Total,MIO_M3,Million cubic metres,RO,Romania,2021,,3564.649,,,,,
dataflow,ESTAT:NRG_TI_GAS$DEFAULTVIEW(1.0),Imports of natural gas by partner country,A,Annual,G3000,Natural gas,TOTAL,Total,MIO_M3,Million cubic metres,RO,Romania,2022,,2851.023,,,,,
dataflow,ESTAT:NRG_TI_GAS$DEFAULTVIEW(1.0),Imports of natural gas by partner country,A,Annual,G3000,Natural gas,TOTAL,Total,MIO_M3,Million cubic metres,RO,Romania,2023,,2673.156,,,,,
dataflow,ESTAT:NRG_TI_GAS$DEFAULTVIEW(1.0),Imports of natural gas by partner country,A,Annual,G3000,Natural gas,TOTAL,Total,MIO_M3,Million cubic metres,RS,Serbia,2014,,1395.000,,,,,
dataflow,ESTAT:NRG_TI_GAS$DEFAULTVIEW(1.0),Imports of natural gas by partner country,A,Annual,G3000,Natural gas,TOTAL,Total,MIO_M3,Million cubic metres,RS,Serbia,2015,,1740.000,,,,,
dataflow,ESTAT:NRG_TI_GAS$DEFAULTVIEW(1.0),Imports of natural gas by partner country,A,Annual,G3000,Natural gas,TOTAL,Total,MIO_M3,Million cubic metres,RS,Serbia,2016,,1795.000,,,,,
dataflow,ESTAT:NRG_TI_GAS$DEFAULTVIEW(1.0),Imports of natural gas by partner country,A,Annual,G3000,Natural gas,TOTAL,Total,MIO_M3,Million cubic metres,RS,Serbia,2017,,2182.632,,,,,
dataflow,ESTAT:NRG_TI_GAS$DEFAULTVIEW(1.0),Imports of natural gas by partner country,A,Annual,G3000,Natural gas,TOTAL,Total,MIO_M3,Million cubic metres,RS,Serbia,2018,,2198.330,,,,,
dataflow,ESTAT:NRG_TI_GAS$DEFAULTVIEW(1.0),Imports of natural gas by partner country,A,Annual,G3000,Natural gas,TOTAL,Total,MIO_M3,Million cubic metres,RS,Serbia,2019,,2262.610,,,,,
dataflow,ESTAT:NRG_TI_GAS$DEFAULTVIEW(1.0),Imports of natural gas by partner country,A,Annual,G3000,Natural gas,TOTAL,Total,MIO_M3,Million cubic metres,RS,Serbia,2020,,1989.886,,,,,
dataflow,ESTAT:NRG_TI_GAS$DEFAULTVIEW(1.0),Imports of natural gas by partner country,A,Annual,G3000,Natural gas,TOTAL,Total,MIO_M3,Million cubic metres,RS,Serbia,2021,,2365.051,,,,,
dataflow,ESTAT:NRG_TI_GAS$DEFAULTVIEW(1.0),Imports of natural gas by partner country,A,Annual,G3000,Natural gas,TOTAL,Total,MIO_M3,Million cubic metres,RS,Serbia,2022,,2969.595,,,,,
dataflow,ESTAT:NRG_TI_GAS$DEFAULTVIEW(1.0),Imports of natural gas by partner country,A,Annual,G3000,Natural gas,TOTAL,Total,MIO_M3,Million cubic metres,RS,Serbia,2023,,2657.624,,,,,
dataflow,ESTAT:NRG_TI_GAS$DEFAULTVIEW(1.0),Imports of natural gas by partner country,A,Annual,G3000,Natural gas,TOTAL,Total,MIO_M3,Million cubic metres,SE,Sweden,2014,,891.000,,,,,
dataflow,ESTAT:NRG_TI_GAS$DEFAULTVIEW(1.0),Imports of natural gas by partner country,A,Annual,G3000,Natural gas,TOTAL,Total,MIO_M3,Million cubic metres,SE,Sweden,2015,,812.000,,,,,
dataflow,ESTAT:NRG_TI_GAS$DEFAULTVIEW(1.0),Imports of natural gas by partner country,A,Annual,G3000,Natural gas,TOTAL,Total,MIO_M3,Million cubic metres,SE,Sweden,2016,,917.000,,,,,
dataflow,ESTAT:NRG_TI_GAS$DEFAULTVIEW(1.0),Imports of natural gas by partner country,A,Annual,G3000,Natural gas,TOTAL,Total,MIO_M3,Million cubic metres,SE,Sweden,2017,,1067.000,,,,,
dataflow,ESTAT:NRG_TI_GAS$DEFAULTVIEW(1.0),Imports of natural gas by partner country,A,Annual,G3000,Natural gas,TOTAL,Total,MIO_M3,Million cubic metres,SE,Sweden,2018,,1139.000,,,,,
dataflow,ESTAT:NRG_TI_GAS$DEFAULTVIEW(1.0),Imports of natural gas by partner country,A,Annual,G3000,Natural gas,TOTAL,Total,MIO_M3,Million cubic metres,SE,Sweden,2019,,1088.537,,,,,
dataflow,ESTAT:NRG_TI_GAS$DEFAULTVIEW(1.0),Imports of natural gas by partner country,A,Annual,G3000,Natural gas,TOTAL,Total,MIO_M3,Million cubic metres,SE,Sweden,2020,,1446.880,,,,,
dataflow,ESTAT:NRG_TI_GAS$DEFAULTVIEW(1.0),Imports of natural gas by partner country,A,Annual,G3000,Natural gas,TOTAL,Total,MIO_M3,Million cubic metres,SE,Sweden,2021,,1224.171,,,,,
dataflow,ESTAT:NRG_TI_GAS$DEFAULTVIEW(1.0),Imports of natural gas by partner country,A,Annual,G3000,Natural gas,TOTAL,Total,MIO_M3,Million cubic metres,SE,Sweden,2022,,763.253,,,,,
dataflow,ESTAT:NRG_TI_GAS$DEFAULTVIEW(1.0),Imports of natural gas by partner country,A,Annual,G3000,Natural gas,TOTAL,Total,MIO_M3,Million cubic metres,SE,Sweden,2023,,909.929,,,,,
dataflow,ESTAT:NRG_TI_GAS$DEFAULTVIEW(1.0),Imports of natural gas by partner country,A,Annual,G3000,Natural gas,TOTAL,Total,MIO_M3,Million cubic metres,SI,Slovenia,2014,,766.000,,,,,
dataflow,ESTAT:NRG_TI_GAS$DEFAULTVIEW(1.0),Imports of natural gas by partner country,A,Annual,G3000,Natural gas,TOTAL,Total,MIO_M3,Million cubic metres,SI,Slovenia,2015,,813.000,,,,,
dataflow,ESTAT:NRG_TI_GAS$DEFAULTVIEW(1.0),Imports of natural gas by partner country,A,Annual,G3000,Natural gas,TOTAL,Total,MIO_M3,Million cubic metres,SI,Slovenia,2016,,861.000,,,,,
dataflow,ESTAT:NRG_TI_GAS$DEFAULTVIEW(1.0),Imports of natural gas by partner country,A,Annual,G3000,Natural gas,TOTAL,Total,MIO_M3,Million cubic metres,SI,Slovenia,2017,,902.500,,,,,
dataflow,ESTAT:NRG_TI_GAS$DEFAULTVIEW(1.0),Imports of natural gas by partner country,A,Annual,G3000,Natural gas,TOTAL,Total,MIO_M3,Million cubic metres,SI,Slovenia,2018,,885.200,,,,,
dataflow,ESTAT:NRG_TI_GAS$DEFAULTVIEW(1.0),Imports of natural gas by partner country,A,Annual,G3000,Natural gas,TOTAL,Total,MIO_M3,Million cubic metres,SI,Slovenia,2019,,898.700,,,,,
dataflow,ESTAT:NRG_TI_GAS$DEFAULTVIEW(1.0),Imports of natural gas by partner country,A,Annual,G3000,Natural gas,TOTAL,Total,MIO_M3,Million cubic metres,SI,Slovenia,2020,,898.100,,,,,
dataflow,ESTAT:NRG_TI_GAS$DEFAULTVIEW(1.0),Imports of natural gas by partner country,A,Annual,G3000,Natural gas,TOTAL,Total,MIO_M3,Million cubic metres,SI,Slovenia,2021,,947.100,,,,,
dataflow,ESTAT:NRG_TI_GAS$DEFAULTVIEW(1.0),Imports of natural gas by partner country,A,Annual,G3000,Natural gas,TOTAL,Total,MIO_M3,Million cubic metres,SI,Slovenia,2022,,835.300,,,,,
dataflow,ESTAT:NRG_TI_GAS$DEFAULTVIEW(1.0),Imports of natural gas by partner country,A,Annual,G3000,Natural gas,TOTAL,Total,MIO_M3,Million cubic metres,SI,Slovenia,2023,,805.500,,,,,
dataflow,ESTAT:NRG_TI_GAS$DEFAULTVIEW(1.0),Imports of natural gas by partner country,A,Annual,G3000,Natural gas,TOTAL,Total,MIO_M3,Million cubic metres,SK,Slovakia,2014,,4757.000,,,,,
dataflow,ESTAT:NRG_TI_GAS$DEFAULTVIEW(1.0),Imports of natural gas by partner country,A,Annual,G3000,Natural gas,TOTAL,Total,MIO_M3,Million cubic metres,SK,Slovakia,2015,,4407.000,,,,,
dataflow,ESTAT:NRG_TI_GAS$DEFAULTVIEW(1.0),Imports of natural gas by partner country,A,Annual,G3000,Natural gas,TOTAL,Total,MIO_M3,Million cubic metres,SK,Slovakia,2016,,4378.000,,,,,
dataflow,ESTAT:NRG_TI_GAS$DEFAULTVIEW(1.0),Imports of natural gas by partner country,A,Annual,G3000,Natural gas,TOTAL,Total,MIO_M3,Million cubic metres,SK,Slovakia,2017,,5248.000,,,,,
dataflow,ESTAT:NRG_TI_GAS$DEFAULTVIEW(1.0),Imports of natural gas by partner country,A,Annual,G3000,Natural gas,TOTAL,Total,MIO_M3,Million cubic metres,SK,Slovakia,2018,,4396.000,,,,,
dataflow,ESTAT:NRG_TI_GAS$DEFAULTVIEW(1.0),Imports of natural gas by partner country,A,Annual,G3000,Natural gas,TOTAL,Total,MIO_M3,Million cubic metres,SK,Slovakia,2019,,6707.000,,,,,
dataflow,ESTAT:NRG_TI_GAS$DEFAULTVIEW(1.0),Imports of natural gas by partner country,A,Annual,G3000,Natural gas,TOTAL,Total,MIO_M3,Million cubic metres,SK,Slovakia,2020,,4301.000,,,,,
dataflow,ESTAT:NRG_TI_GAS$DEFAULTVIEW(1.0),Imports of natural gas by partner country,A,Annual,G3000,Natural gas,TOTAL,Total,MIO_M3,Million cubic metres,SK,Slovakia,2021,,5131.000,,,,,
dataflow,ESTAT:NRG_TI_GAS$DEFAULTVIEW(1.0),Imports of natural gas by partner country,A,Annual,G3000,Natural gas,TOTAL,Total,MIO_M3,Million cubic metres,SK,Slovakia,2022,,6191.000,,,,,
dataflow,ESTAT:NRG_TI_GAS$DEFAULTVIEW(1.0),Imports of natural gas by partner country,A,Annual,G3000,Natural gas,TOTAL,Total,MIO_M3,Million cubic metres,SK,Slovakia,2023,,4501.000,,,,,
dataflow,ESTAT:NRG_TI_GAS$DEFAULTVIEW(1.0),Imports of natural gas by partner country,A,Annual,G3000,Natural gas,TOTAL,Total,MIO_M3,Million cubic metres,TR,Türkiye,2014,,49262.000,,,,,
dataflow,ESTAT:NRG_TI_GAS$DEFAULTVIEW(1.0),Imports of natural gas by partner country,A,Annual,G3000,Natural gas,TOTAL,Total,MIO_M3,Million cubic metres,TR,Türkiye,2015,,48427.000,,,,,
dataflow,ESTAT:NRG_TI_GAS$DEFAULTVIEW(1.0),Imports of natural gas by partner country,A,Annual,G3000,Natural gas,TOTAL,Total,MIO_M3,Million cubic metres,TR,Türkiye,2016,,46352.000,,,,,
dataflow,ESTAT:NRG_TI_GAS$DEFAULTVIEW(1.0),Imports of natural gas by partner country,A,Annual,G3000,Natural gas,TOTAL,Total,MIO_M3,Million cubic metres,TR,Türkiye,2017,,55250.000,,,,,
dataflow,ESTAT:NRG_TI_GAS$DEFAULTVIEW(1.0),Imports of natural gas by partner country,A,Annual,G3000,Natural gas,TOTAL,Total,MIO_M3,Million cubic metres,TR,Türkiye,2018,,50282.000,,,,,
dataflow,ESTAT:NRG_TI_GAS$DEFAULTVIEW(1.0),Imports of natural gas by partner country,A,Annual,G3000,Natural gas,TOTAL,Total,MIO_M3,Million cubic metres,TR,Türkiye,2019,,45212.000,,,,,
dataflow,ESTAT:NRG_TI_GAS$DEFAULTVIEW(1.0),Imports of natural gas by partner country,A,Annual,G3000,Natural gas,TOTAL,Total,MIO_M3,Million cubic metres,TR,Türkiye,2020,,48125.771,,,,,
dataflow,ESTAT:NRG_TI_GAS$DEFAULTVIEW(1.0),Imports of natural gas by partner country,A,Annual,G3000,Natural gas,TOTAL,Total,MIO_M3,Million cubic metres,TR,Türkiye,2021,,58703.930,,,,,
dataflow,ESTAT:NRG_TI_GAS$DEFAULTVIEW(1.0),Imports of natural gas by partner country,A,Annual,G3000,Natural gas,TOTAL,Total,MIO_M3,Million cubic metres,TR,Türkiye,2022,,54661.680,,,,,
dataflow,ESTAT:NRG_TI_GAS$DEFAULTVIEW(1.0),Imports of natural gas by partner country,A,Annual,G3000,Natural gas,TOTAL,Total,MIO_M3,Million cubic metres,TR,Türkiye,2023,,50483.764,,,,,
dataflow,ESTAT:NRG_TI_GAS$DEFAULTVIEW(1.0),Imports of natural gas by partner country,A,Annual,G3000,Natural gas,TOTAL,Total,MIO_M3,Million cubic metres,UA,Ukraine,2014,,19134.000,,,,,
dataflow,ESTAT:NRG_TI_GAS$DEFAULTVIEW(1.0),Imports of natural gas by partner country,A,Annual,G3000,Natural gas,TOTAL,Total,MIO_M3,Million cubic metres,UA,Ukraine,2015,,16174.000,,,,,
dataflow,ESTAT:NRG_TI_GAS$DEFAULTVIEW(1.0),Imports of natural gas by partner country,A,Annual,G3000,Natural gas,TOTAL,Total,MIO_M3,Million cubic metres,UA,Ukraine,2016,,10719.000,,,,,
dataflow,ESTAT:NRG_TI_GAS$DEFAULTVIEW(1.0),Imports of natural gas by partner country,A,Annual,G3000,Natural gas,TOTAL,Total,MIO_M3,Million cubic metres,UA,Ukraine,2017,,13705.000,,,,,
dataflow,ESTAT:NRG_TI_GAS$DEFAULTVIEW(1.0),Imports of natural gas by partner country,A,Annual,G3000,Natural gas,TOTAL,Total,MIO_M3,Million cubic metres,UA,Ukraine,2018,,10293.000,,,,,
dataflow,ESTAT:NRG_TI_GAS$DEFAULTVIEW(1.0),Imports of natural gas by partner country,A,Annual,G3000,Natural gas,TOTAL,Total,MIO_M3,Million cubic metres,UA,Ukraine,2019,,11567.481,,,,,
dataflow,ESTAT:NRG_TI_GAS$DEFAULTVIEW(1.0),Imports of natural gas by partner country,A,Annual,G3000,Natural gas,TOTAL,Total,MIO_M3,Million cubic metres,UA,Ukraine,2020,,8988.000,,,,,
dataflow,ESTAT:NRG_TI_GAS$DEFAULTVIEW(1.0),Imports of natural gas by partner country,A,Annual,G3000,Natural gas,TOTAL,Total,MIO_M3,Million cubic metres,UK,United Kingdom,2014,,43820.000,,,,,
dataflow,ESTAT:NRG_TI_GAS$DEFAULTVIEW(1.0),Imports of natural gas by partner country,A,Annual,G3000,Natural gas,TOTAL,Total,MIO_M3,Million cubic metres,UK,United Kingdom,2015,,45276.153,,,,,
dataflow,ESTAT:NRG_TI_GAS$DEFAULTVIEW(1.0),Imports of natural gas by partner country,A,Annual,G3000,Natural gas,TOTAL,Total,MIO_M3,Million cubic metres,UK,United Kingdom,2016,,48243.028,,,,,
dataflow,ESTAT:NRG_TI_GAS$DEFAULTVIEW(1.0),Imports of natural gas by partner country,A,Annual,G3000,Natural gas,TOTAL,Total,MIO_M3,Million cubic metres,UK,United Kingdom,2017,,47155.774,,,,,
dataflow,ESTAT:NRG_TI_GAS$DEFAULTVIEW(1.0),Imports of natural gas by partner country,A,Annual,G3000,Natural gas,TOTAL,Total,MIO_M3,Million cubic metres,UK,United Kingdom,2018,,47160.385,,,,,
dataflow,ESTAT:NRG_TI_GAS$DEFAULTVIEW(1.0),Imports of natural gas by partner country,A,Annual,G3000,Natural gas,TOTAL,Total,MIO_M3,Million cubic metres,UK,United Kingdom,2019,,47380.347,,,,,
dataflow,ESTAT:NRG_TI_GAS$DEFAULTVIEW(1.0),Imports of natural gas by partner country,A,Annual,G3000,Natural gas,TOTAL,Total,MIO_M3,Million cubic metres,XK,Kosovo*,2014,,0.000,,,,,
dataflow,ESTAT:NRG_TI_GAS$DEFAULTVIEW(1.0),Imports of natural gas by partner country,A,Annual,G3000,Natural gas,TOTAL,Total,MIO_M3,Million cubic metres,XK,Kosovo*,2015,,0.000,,,,,
dataflow,ESTAT:NRG_TI_GAS$DEFAULTVIEW(1.0),Imports of natural gas by partner country,A,Annual,G3000,Natural gas,TOTAL,Total,MIO_M3,Million cubic metres,XK,Kosovo*,2016,,0.000,,,,,
dataflow,ESTAT:NRG_TI_GAS$DEFAULTVIEW(1.0),Imports of natural gas by partner country,A,Annual,G3000,Natural gas,TOTAL,Total,MIO_M3,Million cubic metres,XK,Kosovo*,2017,,0.000,,,,,
dataflow,ESTAT:NRG_TI_GAS$DEFAULTVIEW(1.0),Imports of natural gas by partner country,A,Annual,G3000,Natural gas,TOTAL,Total,MIO_M3,Million cubic metres,XK,Kosovo*,2018,,0.000,,,,,
dataflow,ESTAT:NRG_TI_GAS$DEFAULTVIEW(1.0),Imports of natural gas by partner country,A,Annual,G3000,Natural gas,TOTAL,Total,MIO_M3,Million cubic metres,XK,Kosovo*,2019,,0.000,,,,,
dataflow,ESTAT:NRG_TI_GAS$DEFAULTVIEW(1.0),Imports of natural gas by partner country,A,Annual,G3000,Natural gas,TOTAL,Total,MIO_M3,Million cubic metres,XK,Kosovo*,2020,,0.000,,,,,
dataflow,ESTAT:NRG_TI_GAS$DEFAULTVIEW(1.0),Imports of natural gas by partner country,A,Annual,G3000,Natural gas,TOTAL,Total,MIO_M3,Million cubic metres,XK,Kosovo*,2021,,0.000,,,,,
dataflow,ESTAT:NRG_TI_GAS$DEFAULTVIEW(1.0),Imports of natural gas by partner country,A,Annual,G3000,Natural gas,TOTAL,Total,MIO_M3,Million cubic metres,XK,Kosovo*,2022,,0.000,,,,,
dataflow,ESTAT:NRG_TI_GAS$DEFAULTVIEW(1.0),Imports of natural gas by partner country,A,Annual,G3000,Natural gas,TOTAL,Total,MIO_M3,Million cubic metres,XK,Kosovo*,2023,,0.000,,,,,
