Date Last Researched,Country/Area,Project Name,Unit Name,Project Name in Local Language / Script,Other Name(s),Capacity (MW),Technology,Status,Status Details,Latest Activity,Start year,Retired year,Operator,Operator Name in Local Language / Script,Owner,Owner Name in Local Language / Script,Employment Notes,Hydrogen,Latitude,Longitude,Location accuracy,City,"Local area (taluk, county)","Major area (prefecture, district)",State/Province,Subregion,Region,Other IDs (location),Other IDs (unit/phase),GEM location ID,GEM unit ID,Wiki URL
16.5.2023,El Salvador,Ahuachapán geothermal power plant,4,Central geotérmica Ahuachapán,,6,unknown type,operating,,,2023,,,,,,,,13.9200001,-89.8173,exact,Ahuachapan,Municipio de Ahuachapán,,Departamento de Ahuachapán,Latin America and the Caribbean,Americas,World Resources Institute: GEODB0043615,,L100000700001,G100000700333,https://gem.wiki/Ahuachapán_geothermal_power_plant
11.5.2023,United States,Aidlin geothermal power plant,1,,,12,unknown type,operating,,,1989,,,,Geysers Power Co LLC [100%],,,,38.8339,-122.881,exact,,Sonoma County,CAL Fire Northern Region,California,Northern America,Americas,EIA: 52158,,L100000700253,G100000700462,https://gem.wiki/Aidlin_geothermal_power_plant
11.5.2023,United States,Aidlin geothermal power plant,2,,,12,unknown type,operating,,,1989,,,,Geysers Power Co LLC [100%],,,,38.8339,-122.881,exact,,Sonoma County,CAL Fire Northern Region,California,Northern America,Americas,EIA: 52158,,L100000700253,G100000700463,https://gem.wiki/Aidlin_geothermal_power_plant
14.3.2024,Türkiye,Alaşehir 2 geothermal power plant,--,,,19,unknown type,construction,,,,,,,Zorlu Enerji [100%],,,,38.4002,28.4311,approximate,,,Alaşehir,Manisa,Western Asia,Asia,,,L100000700241,G100000700431,https://gem.wiki/Alaşehir_2_geothermal_power_plant
14.3.2024,Türkiye,Alkan 2 geothermal power plant,--,,,10,unknown type,announced,,,,,,,Zorlu Enerji [100%],,,,38.3504,28.5206,approximate,,,Alaşehir,Manisa,Western Asia,Asia,,,L100000700243,G100000700433,https://gem.wiki/Alkan_2_geothermal_power_plant
11.5.2023,United States,Amedee Geothermal Venture 1,IND,,,2,unknown type,operating,,,1988,,,,Amedee Gethrm Venture I LP [100%],,,,40.3008,-120.105,exact,,Lassen County,CAL Fire Northern Region,California,Northern America,Americas,EIA: 50964,,L100000700254,G100000700464,https://gem.wiki/Amedee_Geothermal_Venture_1
11.5.2023,United States,Amedee Geothermal Venture 1,SYN,,,2,unknown type,operating,,,1988,,,,Amedee Gethrm Venture I LP [100%],,,,40.3008,-120.105,exact,,Lassen County,CAL Fire Northern Region,California,Northern America,Americas,EIA: 50964,,L100000700254,G100000700465,https://gem.wiki/Amedee_Geothermal_Venture_1
13.3.2024,Indonesia,Atadei geothermal power plant,1,,,5,unknown type,announced,,,,,,,PT PLN (Persero) [100%],,,,-8.4369,123.469,approximate,,,Lembata,Nusa Tenggara Timur,South-eastern Asia,Asia,,,L100000700198,G100000700340,https://gem.wiki/Atadei_geothermal_power_plant
13.3.2024,Indonesia,Atadei geothermal power plant,2,,,5,unknown type,announced,,,,,,,PT PLN (Persero) [100%],,,,-8.4369,123.469,approximate,,,Lembata,Nusa Tenggara Timur,South-eastern Asia,Asia,,,L100000700198,G100000700341,https://gem.wiki/Atadei_geothermal_power_plant
16.5.2023,Philippines,Bac-Man geothermal power plant,Botong 2.2,,,20,unknown type,operating,,,2021,,Energy Development CORP (EDC),,Energy Development CORP (EDC) [100%],,,,13.0547,123.9663,exact,Sorsogon City,,,Sorsogon,South-eastern Asia,Asia,World Resources Institute: WRI1001889,,L100000700006,G100000700408,https://gem.wiki/Bac-Man_geothermal_power_plant
16.5.2023,Philippines,Bac-Man geothermal power plant,Cawayan 2.1,,,20,unknown type,operating,,,,,Energy Development CORP (EDC),,Energy Development CORP (EDC) [100%],,,,13.0348,123.9369,exact,Sorsogon City,,,Sorsogon,South-eastern Asia,Asia,World Resources Institute: WRI1001889,,L100000700006,G100000700407,https://gem.wiki/Bac-Man_geothermal_power_plant
11.5.2023,United States,Beowawe geothermal power plant,GEN2,,,4,binary cycle,operating,,,2011,,,,Ormat Technology INC [100%],,,,40.5547,-116.6175,exact,,Lander County,,Nevada,Northern America,Americas,EIA: 10287,,L100000700255,G100000700467,https://gem.wiki/Beowawe_geothermal_power_plant
11.5.2023,United States,Beowawe geothermal power plant,GEN1,,,17,unknown type,operating,,,1985,,,,Ormat Technology INC [100%],,,,40.5547,-116.6175,exact,,Lander County,,Nevada,Northern America,Americas,EIA: 10287,,L100000700255,G100000700466,https://gem.wiki/Beowawe_geothermal_power_plant
11.5.2023,United States,Blundell 2 geothermal plant,2,,,14,unknown type,operating,,,2007,,,,PacifiCorp [100%],,,,38.4889,-112.8533,exact,,Beaver County,,Utah,Northern America,Americas,EIA: 299,,L100000700256,G100000700468,https://gem.wiki/Blundell_2_geothermal_plant
13.3.2024,Guadeloupe,Bouillante geothermal power plant,1,Centrale géothermique de Bouillante,,5,flash steam - double,operating,,,1986,,,,,,,,16.1272,-61.7691,exact,,Bouillante,,Guadeloupe,Latin America and the Caribbean,Americas,,,L100000700020,G100000700336,https://gem.wiki/Bouillante_geothermal_power_plant
13.3.2024,Guadeloupe,Bouillante geothermal power plant,2,Centrale géothermique de Bouillante,,10,flash steam - double,operating,,,2003,,,,,,,,16.1272,-61.7691,exact,,Bouillante,,Guadeloupe,Latin America and the Caribbean,Americas,,,L100000700020,G100000700337,https://gem.wiki/Bouillante_geothermal_power_plant
13.3.2024,Guadeloupe,Bouillante geothermal power plant,3,Centrale géothermique de Bouillante,,10,flash steam - double,pre-construction,,,2025,,Ormat Technology INC,,Ormat Technology INC [100%],,,,16.1274,-61.769,exact,,Bouillante,,Guadeloupe,Latin America and the Caribbean,Americas,,,L100000700020,G100000700030,https://gem.wiki/Bouillante_geothermal_power_plant
11.5.2023,United States,Brady geothermal power plant,OEC,,,6,flash steam - double,operating,,,2002,,,,Ormat Technology INC [100%],,,,39.796,-119.0101,exact,,Churchill County,,Nevada,Northern America,Americas,EIA: 55991,,L100000700257,G100000700469,https://gem.wiki/Brady_geothermal_power_plant
11.5.2023,United States,Brady geothermal power plant,OEC1,,,15,flash steam - double,operating,,,2018,,,,Ormat Technology INC [100%],,,,39.796,-119.0101,exact,,Churchill County,,Nevada,Northern America,Americas,EIA: 55991,,L100000700257,G100000700470,https://gem.wiki/Brady_geothermal_power_plant
11.5.2023,United States,CE Turbo geothermal power plant,TG21,,,12,unknown type,operating,,,2000,,,,CalEnergy Operating CORP [100%],,,,33.1669,-115.5114,exact,Calipatria,Imperial County,,California,Northern America,Americas,,,L100000700259,G100000700472,https://gem.wiki/CE_Turbo_geothermal_power_plant
18.5.2023,Türkiye,Celikler Sultanhisar 2 geothermal power plant,--,,,23,binary cycle,operating,,,2018,,,,Celikler Holding [100%],,,,37.8962,28.1731,exact,,Sultanhisar,,Aydın,Western Asia,Asia,,,L100000700244,G100000700434,https://gem.wiki/Celikler_Sultanhisar_2_geothermal_power_plant
1.5.2023,Chile,Cerro Pabellón geothermal power plant,1,Central geotérmica Cerro Pabellón,,24,binary cycle,operating,,,2017,,Geotérmica Del Norte (GDN),,Empresa Nacional del Petróleo [50%]; Enel Chile [50%],,,,-21.8576,-68.1515,exact,Ollagüe,Provincia de El Loa,,Antofagasta Region,Latin America and the Caribbean,Americas,,,L100000700026,G100000700326,https://gem.wiki/Cerro_Pabellón_geothermal_power_plant
1.5.2023,Chile,Cerro Pabellón geothermal power plant,2,Central geotérmica Cerro Pabellón,,24,binary cycle,operating,,,2017,,Geotérmica Del Norte (GDN),,Empresa Nacional del Petróleo [50%]; Enel Chile [50%],,,,-21.8576,-68.1515,exact,Ollagüe,Provincia de El Loa,,Antofagasta Region,Latin America and the Caribbean,Americas,World Resources Institute: Mex0001868,,L100000700026,G100000700327,https://gem.wiki/Cerro_Pabellón_geothermal_power_plant
18.5.2023,Mexico,Cerro Prieto 4 geothermal power plant,10,Central geotérmica Cerro Prieto 4,,25,flash steam - double,operating,,,2000,,Comision Federal De Electricidad,,Comision Federal De Electricidad,,,,32.3916,-115.2252,exact,,Municipio de Mexicali,,Baja California,Latin America and the Caribbean,Americas,World Resources Institute: Mex0001868,,L100000700221,G100000700392,https://gem.wiki/Cerro_Prieto_4_geothermal_power_plant
18.5.2023,Mexico,Cerro Prieto 4 geothermal power plant,11,Central geotérmica Cerro Prieto 4,,25,flash steam - double,operating,,,2000,,Comision Federal De Electricidad,,Comision Federal De Electricidad,,,,32.3916,-115.2252,exact,,Municipio de Mexicali,,Baja California,Latin America and the Caribbean,Americas,World Resources Institute: Mex0001868,,L100000700221,G100000700393,https://gem.wiki/Cerro_Prieto_4_geothermal_power_plant
18.5.2023,Mexico,Cerro Prieto 4 geothermal power plant,12,Central geotérmica Cerro Prieto 4,,25,flash steam - double,operating,,,2000,,Comision Federal De Electricidad,,Comision Federal De Electricidad,,,,32.3916,-115.2252,exact,,Municipio de Mexicali,,Baja California,Latin America and the Caribbean,Americas,World Resources Institute: Mex0001868,,L100000700221,G100000700394,https://gem.wiki/Cerro_Prieto_4_geothermal_power_plant
18.5.2023,Mexico,Cerro Prieto 4 geothermal power plant,13,Central geotérmica Cerro Prieto 4,,25,flash steam - double,operating,,,2000,,Comision Federal De Electricidad,,Comision Federal De Electricidad,,,,32.3916,-115.2252,exact,,Municipio de Mexicali,,Baja California,Latin America and the Caribbean,Americas,EIA: 55984,,L100000700221,G100000700395,https://gem.wiki/Cerro_Prieto_4_geothermal_power_plant
13.3.2024,El Salvador,Chinameca geothermal power plant,Expansion,Central geotérmica Chinameca,,17,unknown type,construction,,,2026,,,,,,,,13.513,-88.3493,approximate,,,Chinameca,San Miguel,Latin America and the Caribbean,Americas,,,L100000700032,G100000700334,https://gem.wiki/Chinameca_geothermal_power_plant
13.3.2024,El Salvador,Chinameca geothermal power plant,1,Central geotérmica Chinameca,,20,unknown type,construction,,,2025,,LaGeo,,LaGeo [100%],,,,13.513,-88.3493,approximate,,,Chinameca,San Miguel,Latin America and the Caribbean,Americas,,,L100000700032,G100000700050,https://gem.wiki/Chinameca_geothermal_power_plant
11.5.2023,United States,Cove Fort geothermal power plant,1,,,12,binary cycle,operating,,,2013,,,,Ormat Technology INC,,,,38.5603,-112.5811,exact,,Beaver County,,Utah,Northern America,Americas,EIA: 58570,,L100000700265,G100000700480,https://gem.wiki/Enel_Cove_Fort_geothermal_power_plant
11.5.2023,United States,Cove Fort geothermal power plant,2,,,12,binary cycle,operating,,,2013,,,,Ormat Technology INC,,,,38.5603,-112.5811,exact,,Beaver County,,Utah,Northern America,Americas,EIA: 58570,,L100000700265,G100000700481,https://gem.wiki/Enel_Cove_Fort_geothermal_power_plant
1.4.2024,United States,Cove Fort geothermal power plant,future units,,,20,unknown type,announced,,,2028,,,,Ormat Technology INC,,,,38.5603,-112.5811,exact,,Beaver County,,Utah,Northern America,Americas,EIA: 58570,,L100000700265,G100001005343,https://gem.wiki/Enel_Cove_Fort_geothermal_power_plant
11.5.2023,United States,D-J Basin geothermal power plant,1,,,5,unknown type,pre-construction,,,,,Geothermal Technologies INC,,,,,,40.5953,-104.6008,approximate,,Weld County,,Colorado,Northern America,Americas,,,L100000700261,G100000700474,https://gem.wiki/D-J_Basin_geothermal_power_plant
13.3.2024,Indonesia,Danau Ranau geothermal power plant,--,,,20,unknown type,announced,,,,,,,PT PLN (Persero) [100%],,,,-4.9372,103.8672,approximate,,,South Ogan Komering Ulu,Lampung,South-eastern Asia,Asia,EIA: 10018,,L100000700200,G100000700344,https://gem.wiki/Danau_Ranau_geothermal_power_plant
11.5.2023,United States,Desert Peak geothermal power plant,OEC2,,,11,binary cycle,operating,,,2006,,,,Ormat Technology INC [100%],,,,39.754,-118.9535,exact,,Churchill County,,Nevada,Northern America,Americas,EIA: 10018,,L100000700262,G100000700477,https://gem.wiki/Desert_Peak_geothermal_power_plant
11.5.2023,United States,Desert Peak geothermal power plant,GEN2,,,15,binary cycle,operating,,,2006,,,,Ormat Technology INC [100%],,,,39.754,-118.9535,exact,,Churchill County,,Nevada,Northern America,Americas,,,L100000700262,G100000700476,https://gem.wiki/Desert_Peak_geothermal_power_plant
14.3.2024,United States,Dixie Meadows 1 Geothermal Development Project,--,,,12,binary cycle,pre-construction,,,,,,,Ormat Technology INC [100%],,,,39.7905,-118.0812,exact,,Churchill County,,Nevada,Northern America,Americas,,,L100000700041,G100000700065,https://gem.wiki/Dixie_Meadows_1_Geothermal_Development_Project
11.5.2023,United States,Don A Campbell 1 geothermal power plant,1,,,22,binary cycle,operating,,,2014,,ORNI 47 LLC,,,,,,38.8367,-118.3239,exact,,Mineral County,,Nevada,Northern America,Americas,EIA: 58533,,L100000700263,G100000700478,https://gem.wiki/Don_A_Campbell_1_geothermal_power_plant
11.5.2023,United States,Don A Campbell 2 geothermal power plant,DAC2G,,,25,binary cycle,operating,,,2015,,ORNI 37 LLC,,,,,,38.8358,-118.3253,exact,,Mineral County,,Nevada,Northern America,Americas,EIA: 60419,,L100000700264,G100000700479,https://gem.wiki/Don_A_Campbell_2_geothermal_power_plant
18.5.2023,Türkiye,Efeler geothermal power plant,2,,,22,binary cycle,operating,,,2014,,Mogan Enerji Yatirim Holding,,Mogan Enerji Yatirim Holding [100%],,,,37.8596,27.6132,exact,,,,Aydin,Western Asia,Asia,"World Resources Institute: Wri1018954, World Resources Institute: WRI1018957",,L100000700046,G100000700435,https://gem.wiki/Efeler_geothermal_power_plant
18.5.2023,Türkiye,Efeler geothermal power plant,3,,,22,binary cycle,operating,,,2014,,Mogan Enerji Yatirim Holding,,Mogan Enerji Yatirim Holding [100%],,,,37.8678,27.6454,exact,,,,Aydin,Western Asia,Asia,"World Resources Institute: Wri1018954, World Resources Institute: WRI1018957",,L100000700046,G100000700436,https://gem.wiki/Efeler_geothermal_power_plant
18.5.2023,Türkiye,Efeler geothermal power plant,4,,,22,binary cycle,operating,,,2014,,Mogan Enerji Yatirim Holding,,Mogan Enerji Yatirim Holding [100%],,,,37.8668,27.6429,exact,,,,Aydin,Western Asia,Asia,"World Resources Institute: Wri1018954, World Resources Institute: WRI1018957",,L100000700046,G100000700437,https://gem.wiki/Efeler_geothermal_power_plant
18.5.2023,Türkiye,Efeler geothermal power plant,6,,,23,binary cycle,operating,,,2017,,Mogan Enerji Yatirim Holding,,Mogan Enerji Yatirim Holding [100%],,,,37.8831,27.6336,exact,,,,Aydin,Western Asia,Asia,"World Resources Institute: Wri1018954, World Resources Institute: WRI1018957",,L100000700046,G100000700438,https://gem.wiki/Efeler_geothermal_power_plant
18.5.2023,Türkiye,Efeler geothermal power plant,7,,,25,binary cycle,operating,,,2018,,Mogan Enerji Yatirim Holding,,Mogan Enerji Yatirim Holding [100%],,,,37.8598,27.6153,exact,,,,Aydin,Western Asia,Asia,"World Resources Institute: Wri1018954, World Resources Institute: WRI1018957",,L100000700046,G100000700439,https://gem.wiki/Efeler_geothermal_power_plant
13.3.2024,Canada,Estevan geothermal power plant,"1, Rafferty",,,25,binary cycle,pre-construction,,,2025,,DEEP Earth Energy Production Corp. (DEEP),,DEEP Earth Energy Production Corp. (DEEP) [100%],,,,49.139,-102.9849,approximate,,,Estevan,Saskatchewan,Northern America,Americas,,,L100000700050,G100000700075,https://gem.wiki/Estevan_geothermal_power_plant
13.3.2024,Canada,Estevan geothermal power plant,2,,,20,unknown type,announced,,,,,DEEP Earth Energy Production Corp. (DEEP),,DEEP Earth Energy Production Corp. (DEEP) [100%],,,,49.139,-102.9849,approximate,,,Estevan,Saskatchewan,Northern America,Americas,,,L100000700050,G100000700076,https://gem.wiki/Estevan_geothermal_power_plant
13.3.2024,Canada,Estevan geothermal power plant,3,,,20,unknown type,announced,,,,,DEEP Earth Energy Production Corp. (DEEP),,DEEP Earth Energy Production Corp. (DEEP) [100%],,,,49.139,-102.9849,approximate,,,Estevan,Saskatchewan,Northern America,Americas,,,L100000700050,G100000700077,https://gem.wiki/Estevan_geothermal_power_plant
14.3.2024,United States,Fervo (Google) geothermal power plant,--,,,3.5,unknown type,operating,,,2023,,,,Google [100%],,,,36.0561,-115.0091,approximate,,Clark County,,Nevada,Northern America,Americas,,,L100000700267,G100000700484,https://gem.wiki/Fervo_(Google)_geothermal_power_plant
14.3.2024,United States,Fish Lake geothermal power plant,1,,,5,unknown type,pre-construction,,,2025,,,,,,,,37.8609,-118.0341,approximate,,Esmerelda County,,Nevada,Northern America,Americas,EIA: 66618,,L100000700268,G100000700485,https://gem.wiki/Fish_Lake_geothermal_power_plant
14.3.2024,United States,Fish Lake geothermal power plant,2,,,5,unknown type,pre-construction,,,2025,,,,,,,,37.8609,-118.0341,approximate,,Esmerelda County,,Nevada,Northern America,Americas,EIA: 66618,,L100000700268,G100000700486,https://gem.wiki/Fish_Lake_geothermal_power_plant
14.3.2024,United States,Fish Lake geothermal power plant,3,,,5,unknown type,pre-construction,,,2025,,,,,,,,37.8609,-118.0341,approximate,,Esmerelda County,,Nevada,Northern America,Americas,EIA: 66618,,L100000700268,G100000700487,https://gem.wiki/Fish_Lake_geothermal_power_plant
14.3.2024,United States,Fish Lake geothermal power plant,4,,,5,unknown type,pre-construction,,,2025,,,,,,,,37.8609,-118.0341,approximate,,Esmerelda County,,Nevada,Northern America,Americas,EIA: 66618,,L100000700268,G100000700488,https://gem.wiki/Fish_Lake_geothermal_power_plant
11.5.2023,United States,Galena 2 geothermal power plant,1,,,14,binary cycle,operating,,,2007,,,,Ormat Technology INC [100%],,,,39.3732,-119.7645,exact,,Washoe County,,Nevada,Northern America,Americas,EIA: 56540,,L100000700269,G100000700489,https://gem.wiki/Galena_2_geothermal_power_plant
11.5.2023,United States,Galena 3 geothermal power plant,1,,,15,binary cycle,operating,,,2008,,,,Ormat Technology INC [100%],,,,39.3887,-119.7489,exact,,Washoe County,,Nevada,Northern America,Americas,EIA: 56541,,L100000700270,G100000700490,https://gem.wiki/Galena_3_geothermal_power_plant
11.5.2023,United States,Galena 3 geothermal power plant,2,,,15,binary cycle,operating,,,2008,,,,Ormat Technology INC [100%],,,,39.3887,-119.7489,exact,,Washoe County,,Nevada,Northern America,Americas,EIA: 56541,,L100000700270,G100000700491,https://gem.wiki/Galena_3_geothermal_power_plant
14.3.2024,United States,GeoZone (Chevron New Energies) geothermal power plant,--,,,20,unknown type,announced,,,,,,,Chevron New Energies [100%],,,,38.2877,-122.4595,approximate,,Sonoma County,,California,Northern America,Americas,,,L100000700271,G100000700492,https://gem.wiki/GeoZone_(Chevron_New_Energies)_geothermal_power_plant
14.3.2024,United States,GeoZone (Cyrq Energy) geothermal power plant,--,,,20,unknown type,announced,,,,,,,Cyrq Energy [100%],,,,38.2877,-122.4595,approximate,,Sonoma County,,California,Northern America,Americas,,,L100000700272,G100000700493,https://gem.wiki/GeoZone_(Cyrq_Energy)_geothermal_power_plant
14.3.2024,United States,GeoZone (Eavor) geothermal power plant,--,,,20,unknown type,announced,,,,,,,Eavor Technologies INC [100%],,,,38.2877,-122.4595,approximate,,Sonoma County,,California,Northern America,Americas,,,L100000700273,G100000700494,https://gem.wiki/GeoZone_(Eavor)_geothermal_power_plant
4.5.2023,Türkiye,Greeneco Sarayköy geothermal plant,1.1,,,13,unknown type,operating,,,2016,,,,Greeneco Enerji Elektrik Üretim AS [100%],,,,37.9346,28.7969,exact,,Sarayköy,,,Western Asia,Asia,,,L100000700057,G100000700441,https://gem.wiki/Greeneco_Sarayköy_geothermal_plant
4.5.2023,Türkiye,Greeneco Sarayköy geothermal plant,1.2,,,13,unknown type,operating,,,2016,,,,Greeneco Enerji Elektrik Üretim AS [100%],,,,37.9346,28.7969,exact,,Sarayköy,,,Western Asia,Asia,,,L100000700057,G100000700442,https://gem.wiki/Greeneco_Sarayköy_geothermal_plant
4.5.2023,Türkiye,Greeneco Sarayköy geothermal plant,1.3,,,13,unknown type,operating,,,2016,,,,Greeneco Enerji Elektrik Üretim AS [100%],,,,37.9346,28.7969,exact,,Sarayköy,,,Western Asia,Asia,,,L100000700057,G100000700443,https://gem.wiki/Greeneco_Sarayköy_geothermal_plant
4.5.2023,Türkiye,Greeneco Sarayköy geothermal plant,2.1,,,13,unknown type,operating,,,,,,,Greeneco Enerji Elektrik Üretim AS [100%],,,,37.9346,28.7969,exact,,Sarayköy,,,Western Asia,Asia,,,L100000700057,G100000700444,https://gem.wiki/Greeneco_Sarayköy_geothermal_plant
4.5.2023,Türkiye,Greeneco Sarayköy geothermal plant,2.2,,,13,unknown type,operating,,,,,,,Greeneco Enerji Elektrik Üretim AS [100%],,,,37.9346,28.7969,exact,,Sarayköy,,,Western Asia,Asia,,,L100000700057,G100000700445,https://gem.wiki/Greeneco_Sarayköy_geothermal_plant
4.5.2023,Türkiye,Greeneco Sarayköy geothermal plant,2.3,,,23,unknown type,operating,,,,,,,Greeneco Enerji Elektrik Üretim AS [100%],,,,37.9346,28.7969,exact,,Sarayköy,,,Western Asia,Asia,,,L100000700057,G100000700446,https://gem.wiki/Greeneco_Sarayköy_geothermal_plant
4.5.2023,Türkiye,Greeneco Sarayköy geothermal plant,3,,,26,unknown type,operating,,,2020,,,,Greeneco Enerji Elektrik Üretim AS [100%],,,,37.9346,28.7969,exact,,Sarayköy,,,Western Asia,Asia,,,L100000700057,G100000700447,https://gem.wiki/Greeneco_Sarayköy_geothermal_plant
13.3.2024,Indonesia,Gunung Sirung geothermal power plant,--,,,5,unknown type,announced,,,,,,,PT PLN (Persero) [100%],,,,-8.5169,124.1334,approximate,,,Pantor Island Alor,East Nusa Tenggara,South-eastern Asia,Asia,,,L100000700203,G100000700348,https://gem.wiki/Gunung_Sirung_geothermal_power_plant
11.5.2023,United States,Jersey Valley geothermal power plant,2,,,8,binary cycle,operating,,,2010,,,,Ormat Technology INC [100%],,,,40.1808,-117.4739,exact,,Pershing County,,Nevada,Northern America,Americas,EIA: 57376,,L100000700274,G100000700500,https://gem.wiki/Jersey_Valley_geothermal_power_plant
11.5.2023,United States,Jersey Valley geothermal power plant,1,,,16,binary cycle,operating,,,2010,,,,Ormat Technology INC [100%],,,,40.1808,-117.4739,exact,,Pershing County,,Nevada,Northern America,Americas,EIA: 57376,,L100000700274,G100000700499,https://gem.wiki/Jersey_Valley_geothermal_power_plant
4.5.2023,Türkiye,Kızıldere-1 geothermal power plant,Rehabilitation,,,15,flash steam - single,operating,,,2013,,,,Zorlu Enerji [100%],,,,37.9499,28.8354,exact,,Sarayköy,,,Western Asia,Asia,,,L100000700246,G100000700448,https://gem.wiki/Kızıldere-1_geothermal_power_plant
9.4.2024,Indonesia,Lahendong geothermal power plant,5,,,20,flash steam - single,operating,,,2016,,,,Pertamina Geothermal Energy [100%],,,,1.174549122044996,124.79538467877785,exact,,Lahendong Tompaso,Sulut,,South-eastern Asia,Asia,World Resources Institute: Wri1000778,,L100000700205,G100000700356,https://gem.wiki/Lahendong_geothermal_power_plant
9.4.2024,Indonesia,Lahendong geothermal power plant,6,,,20,flash steam - single,operating,,,2016,,,,Pertamina Geothermal Energy [100%],,,,1.1745450574300653,124.79538467877785,exact,,Lahendong Tompaso,Sulut,,South-eastern Asia,Asia,World Resources Institute: Wri1000778,,L100000700205,G100000700357,https://gem.wiki/Lahendong_geothermal_power_plant
8.5.2023,Indonesia,Lahendong geothermal power plant,1,,,20,unknown type,operating,,,2001,,,,Pertamina Geothermal Energy [100%],,,,1.2542,124.8199,exact,,Lahendong Tompaso,Sulut,North Sulawesi,South-eastern Asia,Asia,World Resources Institute: Wri1000778,,L100000700205,G100000700352,https://gem.wiki/Lahendong_geothermal_power_plant
8.5.2023,Indonesia,Lahendong geothermal power plant,2,,,20,unknown type,operating,,,2007,,,,Pertamina Geothermal Energy [100%],,,,1.2542,124.8199,exact,,Lahendong Tompaso,Sulut,North Sulawesi,South-eastern Asia,Asia,World Resources Institute: Wri1000778,,L100000700205,G100000700353,https://gem.wiki/Lahendong_geothermal_power_plant
8.5.2023,Indonesia,Lahendong geothermal power plant,3,,,20,unknown type,operating,,,2009,,,,Pertamina Geothermal Energy [100%],,,,1.2712,124.8354,exact,,Lahendong Tompaso,Sulut,North Sulawesi,South-eastern Asia,Asia,World Resources Institute: Wri1000778,,L100000700205,G100000700354,https://gem.wiki/Lahendong_geothermal_power_plant
8.5.2023,Indonesia,Lahendong geothermal power plant,4,,,20,unknown type,operating,,,2011,,,,Pertamina Geothermal Energy [100%],,,,1.2712,124.8354,exact,,Lahendong Tompaso,Sulut,North Sulawesi,South-eastern Asia,Asia,World Resources Institute: Wri1000778,,L100000700205,G100000700355,https://gem.wiki/Lahendong_geothermal_power_plant
11.5.2023,United States,Lightning Dock geothermal power plant,1,,,1,binary cycle,operating,,,2013,,,,Lightning Dock Geothermal HI-01 LLC [100%],,,,32.1447,-108.8383,exact,,Hidalgo County,,New Mexico,Northern America,Americas,EIA: 58629,,L100000700275,G100000700501,https://gem.wiki/Lightning_Dock_geothermal_power_plant
11.5.2023,United States,Lightning Dock geothermal power plant,2,,,1,binary cycle,operating,,,2013,,,,Lightning Dock Geothermal HI-01 LLC [100%],,,,32.1447,-108.8383,exact,,Hidalgo County,,New Mexico,Northern America,Americas,EIA: 58629,,L100000700275,G100000700502,https://gem.wiki/Lightning_Dock_geothermal_power_plant
11.5.2023,United States,Lightning Dock geothermal power plant,3,,,1,binary cycle,operating,,,2013,,,,Lightning Dock Geothermal HI-01 LLC [100%],,,,32.1447,-108.8383,exact,,Hidalgo County,,New Mexico,Northern America,Americas,EIA: 58629,,L100000700275,G100000700503,https://gem.wiki/Lightning_Dock_geothermal_power_plant
11.5.2023,United States,Lightning Dock geothermal power plant,4,,,1,binary cycle,operating,,,2013,,,,Lightning Dock Geothermal HI-01 LLC [100%],,,,32.1447,-108.8383,exact,,Hidalgo County,,New Mexico,Northern America,Americas,EIA: 58629,,L100000700275,G100000700504,https://gem.wiki/Lightning_Dock_geothermal_power_plant
11.5.2023,United States,Lightning Dock geothermal power plant,5,,,15,binary cycle,operating,,,2018,,,,Lightning Dock Geothermal HI-01 LLC [100%],,,,32.1447,-108.8383,exact,,Hidalgo County,,New Mexico,Northern America,Americas,EIA: 58629,,L100000700275,G100000700505,https://gem.wiki/Lightning_Dock_geothermal_power_plant
2.5.2023,Mexico,Los Azufres geothermal power plant,U-14,Central geotérmica Los Azufres 3,,26,flash steam - single,operating,,,,,Comision Federal De Electricidad,,Comision Federal De Electricidad [100%],,,,19.7904,-100.6667,exact,,Hidalgo,,Michoacán,Latin America and the Caribbean,Americas,,,L100000700089,G100000700396,https://gem.wiki/Los_Azufres_geothermal_power_plant
2.5.2023,Mexico,Los Azufres geothermal power plant,U-15,Central geotérmica Los Azufres 3,,26,flash steam - single,operating,,,,,Comision Federal De Electricidad,,Comision Federal De Electricidad [100%],,,,19.7904,-100.6667,exact,,Hidalgo,,Michoacán,Latin America and the Caribbean,Americas,,,L100000700089,G100000700397,https://gem.wiki/Los_Azufres_geothermal_power_plant
2.5.2023,Mexico,Los Azufres geothermal power plant,U-16,Central geotérmica Los Azufres 3,,26,flash steam - single,operating,,,,,Comision Federal De Electricidad,,Comision Federal De Electricidad [100%],,,,19.7904,-100.6667,exact,,Hidalgo,,Michoacán,Latin America and the Caribbean,Americas,,,L100000700089,G100000700398,https://gem.wiki/Los_Azufres_geothermal_power_plant
2.5.2023,Mexico,Los Azufres geothermal power plant,"Phase 2, U-18",Central geotérmica Los Azufres 3,,27,flash steam - single,operating,,,,,Comision Federal De Electricidad,,Comision Federal De Electricidad [100%],,,,19.7904,-100.6667,exact,,Hidalgo,,Michoacán,Latin America and the Caribbean,Americas,,,L100000700089,G100000700399,https://gem.wiki/Los_Azufres_geothermal_power_plant
2.5.2023,Mexico,Los Azufres geothermal power plant,U-2,Central geotérmica Los Azufres 3,,5,unknown type,operating,,,,,Comision Federal De Electricidad,,Comision Federal De Electricidad [100%],,,,19.7904,-100.6667,exact,,Hidalgo,,Michoacán,Latin America and the Caribbean,Americas,,,L100000700089,G100000700400,https://gem.wiki/Los_Azufres_geothermal_power_plant
18.5.2023,Mexico,Los Humeros 2 geothermal power plant,A,,,25,unknown type,operating,,,,,Comision Federal De Electricidad,,Comision Federal De Electricidad [100%],,,,19.67128,-97.4556646,exact,,Tepeyahualco,,Puebla,Latin America and the Caribbean,Americas,,,L100000700222,G100000700401,https://gem.wiki/Los_Humeros_2_geothermal_power_plant
18.5.2023,Mexico,Los Humeros 2 geothermal power plant,B,,,25,unknown type,operating,,,,,Comision Federal De Electricidad,,Comision Federal De Electricidad [100%],,,,19.67128,-97.4556646,exact,,Tepeyahualco,,Puebla,Latin America and the Caribbean,Americas,,,L100000700222,G100000700402,https://gem.wiki/Los_Humeros_2_geothermal_power_plant
18.5.2023,Mexico,Los Humeros 3 geothermal power plant,A,,,25,flash steam - single,operating,,,2017,,Comision Federal De Electricidad,,Comision Federal De Electricidad,,,,19.6465,-97.4375,exact,,Perote,,Veracruz,Latin America and the Caribbean,Americas,World Resources Institute: Mex0006617,,L100000700223,G100000700403,https://gem.wiki/Los_Humeros_3_geothermal_power_plant
18.5.2023,Mexico,Los Humeros 3 geothermal power plant,B,,,25,flash steam - single,cancelled,,,,,Comision Federal De Electricidad,,Comision Federal De Electricidad,,,,19.6465,-97.4375,approximate,,Tepeyahualco,,Puebla,Latin America and the Caribbean,Americas,World Resources Institute: Mex0006617,,L100000700223,G100000700404,https://gem.wiki/Los_Humeros_3_geothermal_power_plant
13.3.2024,Philippines,Mahanagdong geothermal facility,Future units,,"Leyte Mahanagdong (Phases A1, A2, B1)",28,binary cycle,announced,,,,,Energy Development CORP (EDC),,Energy Development CORP (EDC) [100%],,,,11.1309,124.6695,approximate,,,,Leyte,South-eastern Asia,Asia,World Resources Institute: WRI1001942,,L100000700092,G100000700412,https://gem.wiki/Mahanagdong_geothermal_facility
18.5.2023,Philippines,Maibarara geothermal power plant,2,,,12,unknown type,operating,,,2018,,PetroGreen Energy CORP (PGEC),,PetroGreen Energy CORP (PGEC) [100%],,,,14.1382,121.1655,exact,Calamba,,,Laguna,South-eastern Asia,Asia,,,L100000700093,G100000700414,https://gem.wiki/Maibarara_geothermal_power_plant
18.5.2023,Philippines,Maibarara geothermal power plant,1,,,20,unknown type,operating,,,2014,,PetroGreen Energy CORP (PGEC),,PetroGreen Energy CORP (PGEC) [100%],,,,14.1382,121.1655,exact,Calamba,,,Laguna,South-eastern Asia,Asia,,,L100000700093,G100000700413,https://gem.wiki/Maibarara_geothermal_power_plant
13.3.2024,Philippines,Maibarara geothermal power plant,3,,,20,unknown type,announced,,,2025,,PetroGreen Energy CORP (PGEC),,PetroGreen Energy CORP (PGEC) [100%],,,,14.1382,121.1655,exact,Calamba,,,Laguna,South-eastern Asia,Asia,,,L100000700093,G100000700153,https://gem.wiki/Maibarara_geothermal_power_plant
11.5.2023,United States,Mammoth G1 geothermal power plant,GEN1,,,5,binary cycle,operating,,,1984,,,,Ormat Technology INC [100%],,,,37.6451,-118.9143,exact,,Mono County,,California,Northern America,Americas,EIA: 10480,,L100000700277,G100000700507,https://gem.wiki/Mammoth_G1_geothermal_power_plant
11.5.2023,United States,Mammoth G1 geothermal power plant,GEN2,,,5,binary cycle,operating,,,1984,,,,Ormat Technology INC [100%],,,,37.6451,-118.9143,exact,,Mono County,,California,Northern America,Americas,EIA: 10480,,L100000700277,G100000700508,https://gem.wiki/Mammoth_G1_geothermal_power_plant
11.5.2023,United States,Mammoth G2 geothermal power plant,1,,,5,binary cycle,operating,,,1990,,,,Ormat Technology INC [100%],,,,37.6464,-118.9092,exact,,Mono County,,California,Northern America,Americas,EIA: 10481,,L100000700278,G100000700509,https://gem.wiki/Mammoth_G2_geothermal_power_plant
11.5.2023,United States,Mammoth G2 geothermal power plant,2,,,5,binary cycle,operating,,,1990,,,,Ormat Technology INC [100%],,,,37.6464,-118.9092,exact,,Mono County,,California,Northern America,Americas,EIA: 10481,,L100000700278,G100000700510,https://gem.wiki/Mammoth_G2_geothermal_power_plant
11.5.2023,United States,Mammoth G2 geothermal power plant,3,,,5,binary cycle,operating,,,1990,,,,Ormat Technology INC [100%],,,,37.6464,-118.9092,exact,,Mono County,,California,Northern America,Americas,EIA: 10481,,L100000700278,G100000700511,https://gem.wiki/Mammoth_G2_geothermal_power_plant
11.5.2023,United States,Mammoth G3 geothermal power plant,T101,,,5,binary cycle,operating,,,1990,,,,Ormat Technology INC [100%],,,,37.6455,-118.9096,exact,,Mono County,,California,Northern America,Americas,EIA: 10479,,L100000700279,G100000700512,https://gem.wiki/Mammoth_G3_geothermal_power_plant
11.5.2023,United States,Mammoth G3 geothermal power plant,T102,,,5,binary cycle,operating,,,1990,,,,Ormat Technology INC [100%],,,,37.6455,-118.9096,exact,,Mono County,,California,Northern America,Americas,EIA: 10479,,L100000700279,G100000700513,https://gem.wiki/Mammoth_G3_geothermal_power_plant
11.5.2023,United States,Mammoth G3 geothermal power plant,T103,,,5,binary cycle,operating,,,1990,,,,Ormat Technology INC [100%],,,,37.6455,-118.9096,exact,,Mono County,,California,Northern America,Americas,EIA: 10479,,L100000700279,G100000700514,https://gem.wiki/Mammoth_G3_geothermal_power_plant
8.5.2023,Indonesia,Mataloko geothermal power plant,--,,,2,unknown type,operating,,,,,PT PLN (Persero),,,,,,-8.8332,121.0611,exact,,Ngada,,East Nusa Tenggara,South-eastern Asia,Asia,,,L100000700206,G100000700358,https://gem.wiki/Mataloko_geothermal_power_plant
16.5.2023,Philippines,Mindanao geothermal power plant,Expansion,,"Mt. Apo geothermal plant (Phases 1, 2, 3)",4,binary cycle,operating,,,2022,,,,,,,,7.0127,125.2198,exact,Kidapawan,,,North Cotabato,South-eastern Asia,Asia,World Resources Institute: WRI1001956,,L100000700106,G100000700415,https://gem.wiki/Mindanao_geothermal_power_plant
13.3.2024,Costa Rica,Miravalles geothermal power plant,5,Planta geotérmica Miravalles,,19,binary cycle,operating,,,2004,,,,,,,,10.7181,-85.1814,approximate,,,Bagaces,Guanacaste Province,Latin America and the Caribbean,Americas,World Resources Institute: GEODB0004310,,L100000700107,G100000700330,https://gem.wiki/Miravalles_geothermal_power_plant
13.3.2024,Costa Rica,Miravalles geothermal power plant,3,Planta geotérmica Miravalles,,29,flash steam - single,operating,,,2000,,,,,,,,10.7181,-85.1814,exact,,Cantón Bagaces,,,Latin America and the Caribbean,Americas,World Resources Institute: GEODB0004310,,L100000700107,G100000700329,https://gem.wiki/Miravalles_geothermal_power_plant
13.3.2024,Montserrat,Montserrat geothermal power plant,--,,,2,unknown type,pre-construction,,,,,,,,,,,16.7482,-62.2101,approximate,,,Saint Peter Parish,,Latin America and the Caribbean,Americas,,,L100000700224,G100000700405,https://gem.wiki/Montserrat_geothermal_power_plant
18.5.2023,Japan,Mori geothermal power plant,--,北海道電力㈱ 森地熱発電所,,25,flash steam - double,operating,,,1982,,Hokkaido Electric Power CO INC,,Hokkaido Electric Power CO INC [100%],,,,42.1331,140.4553,exact,,Kayabe County,,,Eastern Asia,Asia,World Resources Institute: Wri1020120,,L100000700217,G100000700380,https://gem.wiki/Mori_geothermal_power_plant
11.5.2023,United States,Neal Hot Springs geothermal power plant,1,,,11,binary cycle,operating,,,2012,,,,US Geothermal INC [100%],,,,44.0231,-117.4681,exact,,Malheur County,,Oregon,Northern America,Americas,EIA: 58022,,L100000700280,G100000700517,https://gem.wiki/Neal_Hot_Springs_geothermal_power_plant
11.5.2023,United States,Neal Hot Springs geothermal power plant,2,,,11,binary cycle,operating,,,2012,,,,US Geothermal INC [100%],,,,44.0231,-117.4681,exact,,Malheur County,,Oregon,Northern America,Americas,EIA: 58022,,L100000700280,G100000700518,https://gem.wiki/Neal_Hot_Springs_geothermal_power_plant
11.5.2023,United States,Neal Hot Springs geothermal power plant,3,,,11,binary cycle,operating,,,2012,,,,US Geothermal INC [100%],,,,44.0231,-117.4681,exact,,Malheur County,,Oregon,Northern America,Americas,EIA: 58022,,L100000700280,G100000700519,https://gem.wiki/Neal_Hot_Springs_geothermal_power_plant
14.3.2024,Türkiye,Nemrut geothermal power plant,--,,,25,unknown type,shelved - inferred 2 y,,,,,,,Zorlu Enerji [100%],,,,37.7651,38.2696,approximate,,,Merkez,Adıyaman,Western Asia,Asia,,,L100000700247,G100000700449,https://gem.wiki/Nemrut_geothermal_power_plant
14.3.2024,United States,Nevada EGS (Eavor) geothermal power plant,--,,,20,EGS,announced,,,2028,,NV Energy,,,,,,39.7012,-118.9434,approximate,,Churchill County,,Nevada,Northern America,Americas,,,L100000700281,G100000700520,https://gem.wiki/Nevada_EGS_(Eavor)_geothermal_power_plant
13.3.2024,Saint Kitts and Nevis,Nevis geothermal power plant,1,,,10,unknown type,pre-construction,,,,,,,Nevis Island Administration (NIA) [50%]; Nevis Electric Company Limited (NEVLEC) [50%],,,,17.1421,-62.6062,exact,Charlestown,Hamilton Estate,,,Latin America and the Caribbean,Americas,,,L100000700237,G100000700425,https://gem.wiki/Nevis_geothermal_power_plant
2.5.2023,New Zealand,Ngatamariki geothermal power plant,1,,Ngā Tamariki Geothermal System,20.5,binary cycle,operating,,,2013,,Mighty River Power,,Mighty River Power [100%],,,,-38.5731,176.1953,exact,,Taupō District,,Waikato,Australia and New Zealand,Oceania,,,L100000700122,G100000700202,https://gem.wiki/Ngatamariki_geothermal_power_plant
2.5.2023,New Zealand,Ngatamariki geothermal power plant,2,,Ngā Tamariki Geothermal System,20.5,binary cycle,operating,,,2013,,Mighty River Power,,Mighty River Power [100%],,,,-38.5731,176.1953,exact,,Taupō District,,Waikato,Australia and New Zealand,Oceania,,,L100000700122,G100001005321,https://gem.wiki/Ngatamariki_geothermal_power_plant
2.5.2023,New Zealand,Ngatamariki geothermal power plant,3,,Ngā Tamariki Geothermal System,20.5,binary cycle,operating,,,2013,,Mighty River Power,,Mighty River Power [100%],,,,-38.5731,176.1953,exact,,Taupō District,,Waikato,Australia and New Zealand,Oceania,,,L100000700122,G100001005322,https://gem.wiki/Ngatamariki_geothermal_power_plant
2.5.2023,New Zealand,Ngatamariki geothermal power plant,4,,Ngā Tamariki Geothermal System,20.5,binary cycle,operating,,,2013,,Mighty River Power,,Mighty River Power [100%],,,,-38.5731,176.1953,exact,,Taupō District,,Waikato,Australia and New Zealand,Oceania,,,L100000700122,G100001005323,https://gem.wiki/Ngatamariki_geothermal_power_plant
11.5.2023,United States,North Valley geothermal plant,--,,,25,binary cycle,operating,,,2023,,,,Ormat Technology INC [100%],,,,40.3729,-119.4625,exact,,Washoe County,,Nevada,Northern America,Americas,EIA: 63491,,L100000700124,G100000700204,https://gem.wiki/North_Valley_geothermal_plant
13.3.2024,Indonesia,Oka Ile Ange geothermal power plant,1,,,5,unknown type,announced,,,,,,,PT PLN (Persero) [100%],,,,-8.3109,122.9693,approximate,,,East Flores,East Nusa,South-eastern Asia,Asia,,,L100000700208,G100000700362,https://gem.wiki/Oka_Ile_Ange_geothermal_power_plant
13.3.2024,Indonesia,Oka Ile Ange geothermal power plant,2,,,5,unknown type,announced,,,,,,,PT PLN (Persero) [100%],,,,-8.3109,122.9693,approximate,,,East Flores,East Nusa,South-eastern Asia,Asia,,,L100000700208,G100000700363,https://gem.wiki/Oka_Ile_Ange_geothermal_power_plant
20.6.2023,Kenya,Olkaria 1 geothermal power plant,1,,,15,flash steam - single,retired,,,1981,2023,Kenya Electricity Generating Company,,Kenya Electricity Generating Company PLC,,,,-0.8893,36.2557,exact,,Naivasha,,Nakuru,Sub-Saharan Africa,Africa,"World Resources Institute: WRI1061219, World Resources Institute: Wri1000048, World Resources Institute: Wri1061218",,L100000700130,G100000700381,https://gem.wiki/Olkaria_1_geothermal_power_plant
20.6.2023,Kenya,Olkaria 1 geothermal power plant,2,,,15,flash steam - single,retired,,,1982,2023,Kenya Electricity Generating Company,,Kenya Electricity Generating Company PLC,,,,-0.8893,36.2557,exact,,Naivasha,,Nakuru,Sub-Saharan Africa,Africa,"World Resources Institute: WRI1061219, World Resources Institute: Wri1000048, World Resources Institute: Wri1061218",,L100000700130,G100000700382,https://gem.wiki/Olkaria_1_geothermal_power_plant
20.6.2023,Kenya,Olkaria 1 geothermal power plant,3,,,15,flash steam - single,retired,,,1985,2023,Kenya Electricity Generating Company,,Kenya Electricity Generating Company PLC,,,,-0.8893,36.2557,exact,,Naivasha,,Nakuru,Sub-Saharan Africa,Africa,"World Resources Institute: WRI1061219, World Resources Institute: Wri1000048, World Resources Institute: Wri1061218",,L100000700130,G100000700383,https://gem.wiki/Olkaria_1_geothermal_power_plant
14.3.2024,Kenya,Olkaria 1 geothermal power plant,1RP,,,21,unknown type,construction,,,2025,,Kenya Electricity Generating Company,,Kenya Electricity Generating Company PLC,,,,-0.8893,36.2557,exact,,Naivasha,,Nakuru,Sub-Saharan Africa,Africa,"World Resources Institute: WRI1061219, World Resources Institute: Wri1000048, World Resources Institute: Wri1061218",,L100000700130,G100000700384,https://gem.wiki/Olkaria_1_geothermal_power_plant
14.3.2024,Kenya,Olkaria 1 geothermal power plant,2RP,,,21,unknown type,construction,,,2025,,Kenya Electricity Generating Company,,Kenya Electricity Generating Company PLC,,,,-0.8893,36.2557,exact,,Naivasha,,Nakuru,Sub-Saharan Africa,Africa,"World Resources Institute: WRI1061219, World Resources Institute: Wri1000048, World Resources Institute: Wri1061218",,L100000700130,G100000700385,https://gem.wiki/Olkaria_1_geothermal_power_plant
14.3.2024,Kenya,Olkaria 1 geothermal power plant,3RP,,,21,unknown type,construction,,,2025,,Kenya Electricity Generating Company,,Kenya Electricity Generating Company PLC,,,,-0.8893,36.2557,exact,,Naivasha,,Nakuru,Sub-Saharan Africa,Africa,"World Resources Institute: WRI1061219, World Resources Institute: Wri1000048, World Resources Institute: Wri1061218",,L100000700130,G100000700386,https://gem.wiki/Olkaria_1_geothermal_power_plant
18.5.2023,Kenya,Olkaria 3 geothermal power plant,3,,,26,unknown type,operating,,,2014,,Ormat Technology INC,,Ormat Technology INC [100%],,,,-0.889,36.2562,exact,,Naivasha,,Nakuru,Sub-Saharan Africa,Africa,World Resources Institute: WRI1061220,,L100000700132,G100000700387,https://gem.wiki/Olkaria_3_geothermal_power_plant
18.5.2023,Kenya,Olkaria 3 geothermal power plant,4,,,26,unknown type,operating,,,2016,,Ormat Technology INC,,Ormat Technology INC [100%],,,,-0.889,36.2562,exact,,Naivasha,,Nakuru,Sub-Saharan Africa,Africa,World Resources Institute: WRI1061220,,L100000700132,G100000700388,https://gem.wiki/Olkaria_3_geothermal_power_plant
13.3.2024,Philippines,Palayan Bayan geothermal power plant,--,,,29,binary cycle,operating,,,2023,,Energy Development CORP (EDC),,Energy Development CORP (EDC) [100%],,,,13.059169833204463,123.92703650677568,exact,,,,Bicol,South-eastern Asia,Asia,,,L100000700231,G100000700418,https://gem.wiki/Palayan_Bayan_geothermal_power_plant
18.5.2023,Türkiye,PamukÖren geothermal power plant,1,,,22,binary cycle,operating,,,2013,,,,Celikler Holding [100%],,,,37.9167,28.5305,exact,,,Kuyucak,Aydın,Western Asia,Asia,"World Resources Institute: Wri1018952, World Resources Institute: Wri1018954, World Resources Institute: Wri1018953, World Resources Institute: WRI1018956,  World Resources Institute: Wri1018951, World Resources Institute: Wri1018955",,L100000700137,G100000700450,https://gem.wiki/PamukÖren_geothermal_power_plant
18.5.2023,Türkiye,PamukÖren geothermal power plant,2,,,22,binary cycle,operating,,,2013,,,,Celikler Holding [100%],,,,37.9167,28.5305,exact,,,Kuyucak,Aydın,Western Asia,Asia,"World Resources Institute: Wri1018952, World Resources Institute: Wri1018954, World Resources Institute: Wri1018953, World Resources Institute: WRI1018956, World Resources Institute: Wri1018951, World Resources Institute: Wri1018955",,L100000700137,G100000700451,https://gem.wiki/PamukÖren_geothermal_power_plant
18.5.2023,Türkiye,PamukÖren geothermal power plant,3,,,22,binary cycle,operating,,,2013,,,,Celikler Holding [100%],,,,37.9167,28.5305,exact,,,Kuyucak,Aydın,Western Asia,Asia,"World Resources Institute: Wri1018952, World Resources Institute: Wri1018954, World Resources Institute: Wri1018953, World Resources Institute: WRI1018956, World Resources Institute: Wri1018951, World Resources Institute: Wri1018955",,L100000700137,G100000700452,https://gem.wiki/PamukÖren_geothermal_power_plant
18.5.2023,Türkiye,PamukÖren geothermal power plant,4,,,22,binary cycle,operating,,,2018,,,,Celikler Holding [100%],,,,37.9167,28.5305,exact,,,Kuyucak,Aydın,Western Asia,Asia,"World Resources Institute: Wri1018952, World Resources Institute: Wri1018954, World Resources Institute: Wri1018953, World Resources Institute: WRI1018956, World Resources Institute: Wri1018951, World Resources Institute: Wri1018955",,L100000700137,G100000700453,https://gem.wiki/PamukÖren_geothermal_power_plant
18.5.2023,Türkiye,PamukÖren geothermal power plant,5,,,22,binary cycle,operating,,,2020,,,,Celikler Holding [100%],,,,37.9167,28.5305,exact,,,Kuyucak,Aydın,Western Asia,Asia,"World Resources Institute: Wri1018952, World Resources Institute: Wri1018954, World Resources Institute: Wri1018953, World Resources Institute: WRI1018956, World Resources Institute: Wri1018951, World Resources Institute: Wri1018955",,L100000700137,G100000700454,https://gem.wiki/PamukÖren_geothermal_power_plant
18.5.2023,Portugal,Pico Vermelho geothermal power plant,A,,,10,binary cycle,operating,,,,,EDA Renováveis SA,,EDA Renováveis SA [100%],,,,37.8021,-25.5059,exact,Ribeira Grande (Conceição),,,São Miguel Island,Southern Europe,Europe,,,L100000700236,G100000700423,https://gem.wiki/Pico_Vermelho_geothermal_power_plant
13.3.2024,Portugal,Pico Vermelho geothermal power plant,B,,,10,binary cycle,pre-construction,,,2025,,EDA Renováveis SA,,EDA Renováveis SA [100%],,,,37.8021,-25.5059,exact,Ribeira Grande (Conceição),,,São Miguel Island,Southern Europe,Europe,,,L100000700236,G100000700424,https://gem.wiki/Pico_Vermelho_geothermal_power_plant
13.3.2024,Slovakia,Presov geothermal power plant,--,,,6,unknown type,pre-construction,,,2028,,PW Energy,,,,,,49.0023,21.3189,approximate,,,Ľubotice,,Eastern Europe,Europe,,,L100000700238,G100000700427,https://gem.wiki/Presov_geothermal_power_plant
14.3.2024,United States,Puna geothermal power plant,1 expansion,,,8,binary cycle,pre-construction,,,,,Puna Geothermal Venture,,Puna Geothermal Venture [100%],,,,19.4767,-154.8908,exact,,Hawaiʻi County,,Hawaii,Northern America,Americas,,,L100000700283,G100000700524,https://gem.wiki/Puna_geothermal_power_plant
14.3.2024,United States,Puna geothermal power plant,2,,,14,unknown type,pre-construction,,,,,Puna Geothermal Venture,,Puna Geothermal Venture [100%],,,,19.4767,-154.8908,exact,,Hawaiʻi County,,Hawaii,Northern America,Americas,,,L100000700283,G100000700523,https://gem.wiki/Puna_geothermal_power_plant
11.5.2023,United States,Raft River geothermal power plant,1,,,18,binary cycle,operating,,,2008,,,,US Geothermal INC [100%],,,,42.0994,-113.3825,exact,,Cassia County,,Idaho,Northern America,Americas,EIA: 56317,,L100000700284,G100000700525,https://gem.wiki/Raft_River_geothermal_power_plant
10.7.2023,Portugal,Ribeira Grande geothermal power plant,A,,,5,binary cycle,operating,,,1994,,EDA Renováveis SA,,,,,,37.7833,-25.5006,exact,Ribeira Grande (Conceição),,,São Miguel Island,Southern Europe,Europe,,,L100000700296,G100000700558,https://gem.wiki/Ribeira_Grande_geothermal_power_plant
10.7.2023,Portugal,Ribeira Grande geothermal power plant,B,,,9,binary cycle,operating,,,1998,,EDA Renováveis SA,,,,,,37.7833,-25.5006,exact,Ribeira Grande (Conceição),,,São Miguel Island,Southern Europe,Europe,,,L100000700296,G100000700559,https://gem.wiki/Ribeira_Grande_geothermal_power_plant
11.5.2023,United States,Richard Burdette geothermal power plant,1,,,15,binary cycle,operating,,,2005,,,,Ormat Technology INC [100%],,,,39.3908,-119.7546,exact,,Washoe County,,Nevada,Northern America,Americas,EIA: 56321,,L100000700285,G100000700526,https://gem.wiki/Richard_Burdette_geothermal_power_plant
11.5.2023,United States,Richard Burdette geothermal power plant,OEC2,,,15,binary cycle,operating,,,2005,,,,Ormat Technology INC [100%],,,,39.3908,-119.7546,exact,,Washoe County,,Nevada,Northern America,Americas,EIA: 56321,,L100000700285,G100000700527,https://gem.wiki/Richard_Burdette_geothermal_power_plant
13.3.2024,Dominica,Roseau Valley geothermal power plant,--,Planta geotérmica Roseau Valley,,10,unknown type,construction,,,,,,,,,,,15.3001,-61.3691,approximate,,,Roseau Valley,,Latin America and the Caribbean,Americas,,,L100000700197,G100000700332,https://gem.wiki/Roseau_Valley_geothermal_power_plant
11.5.2023,United States,Salt Wells geothermal power plant,101,,,12,binary cycle,operating,,,2009,,,,Ormat Technology INC,,,,39.2944,-118.5725,exact,,Churchill County,,Nevada,Northern America,Americas,"EIA: 10759, World Resources Institute: USA0054996, EIA: 55983, EIA: 10879, World Resources Institute: USA0055983, World Resources Institute: USA0010759, EIA: 10878, EIA: 54996",,L100000700266,G100000700482,https://gem.wiki/Enel_Salt_Wells_geothermal_power_plant
11.5.2023,United States,Salt Wells geothermal power plant,201,,,12,binary cycle,operating,,,2009,,,,Ormat Technology INC,,,,39.2944,-118.5725,exact,,Churchill County,,Nevada,Northern America,Americas,"EIA: 10759, World Resources Institute: USA0054996, EIA: 55983, EIA: 10879, World Resources Institute: USA0055983, World Resources Institute: USA0010759, EIA: 10878, EIA: 54996",,L100000700266,G100000700483,https://gem.wiki/Enel_Salt_Wells_geothermal_power_plant
11.5.2023,United States,Salton Sea geothermal plant,2.3,,,4,unknown type,operating,,,1990,,,,CalEnergy Operating CORP [100%],,,,33.1589,-115.6455,exact,,Imperial County,,California,Northern America,Americas,"EIA: 10759, World Resources Institute: USA0054996, EIA: 55983, EIA: 10879, World Resources Institute: USA0055983, World Resources Institute: USA0010759, EIA: 10878, EIA: 54996",,L100000700153,G100000700531,https://gem.wiki/Salton_Sea_geothermal_plant
11.5.2023,United States,Salton Sea geothermal plant,2.2,,,5,unknown type,operating,,,1990,,,,CalEnergy Operating CORP [100%],,,,33.1589,-115.6455,exact,,Imperial County,,California,Northern America,Americas,"EIA: 10759, World Resources Institute: USA0054996, EIA: 55983, EIA: 10879, World Resources Institute: USA0055983, World Resources Institute: USA0010759, EIA: 10878, EIA: 54996",,L100000700153,G100000700530,https://gem.wiki/Salton_Sea_geothermal_plant
11.5.2023,United States,Salton Sea geothermal plant,"EE11, 1",,,10,unknown type,operating,,,1982,,,,CalEnergy Operating CORP [100%],,,,33.158,-115.6475,exact,,Imperial County,,California,Northern America,Americas,EIA: 57213,,L100000700153,G100000700528,https://gem.wiki/Salton_Sea_geothermal_plant
11.5.2023,United States,Salton Sea geothermal plant,2.1,,,12,unknown type,operating,,,1990,,,,CalEnergy Operating CORP [100%],,,,33.1589,-115.6455,exact,,Imperial County,,California,Northern America,Americas,EIA: 57213,,L100000700153,G100000700529,https://gem.wiki/Salton_Sea_geothermal_plant
11.5.2023,United States,San Emidio geothermal power plant,SE-U1,,,12,unknown type,operating,,,2012,,,,USG Nevada LLC [100%],,,,40.3806,-119.3997,exact,,Washoe County,,Nevada,Northern America,Americas,EIA: 57456,,L100000700286,G100000700532,https://gem.wiki/San_Emidio_geothermal_power_plant
13.3.2024,El Salvador,San Vicente geothermal power plant,1,Central geotérmica San Vicente,,10,unknown type,construction,,,2025,,LaGeo,,LaGeo [100%],,,,13.6419,-88.7825,approximate,,,San Vicente,San Vicente,Latin America and the Caribbean,Americas,,,L100000700155,G100000700254,https://gem.wiki/San_Vicente_geothermal_power_plant
13.3.2024,El Salvador,San Vicente geothermal power plant,Expansion,Central geotérmica San Vicente,,17,unknown type,construction,,,2026,,,,,,,,13.6419,-88.7825,approximate,,,San Vicente,,Latin America and the Caribbean,Americas,,,L100000700155,G100000700335,https://gem.wiki/San_Vicente_geothermal_power_plant
11.5.2023,United States,Second Imperial geothermal power plant,GEN13,,,16,binary cycle,operating,,,2006,,,,ORCAL Geothermal INC [100%],,,,32.7144,-115.5356,exact,,Imperial County,,California,Northern America,Americas,"World Resources Institute: USA0054111, EIA: 54111, EIA: 541111",,L100000700063,G100000700533,https://gem.wiki/Second_Imperial_geothermal_power_plant
11.5.2023,United States,Second Imperial geothermal power plant,GEN14,,,16,binary cycle,operating,,,2008,,,,ORCAL Geothermal INC [100%],,,,32.7144,-115.5356,exact,,Imperial County,,California,Northern America,Americas,"World Resources Institute: USA0054111, EIA: 54111, EIA: 541111",,L100000700063,G100000700534,https://gem.wiki/Second_Imperial_geothermal_power_plant
11.5.2023,United States,Second Imperial geothermal power plant,OEC2,,,16,binary cycle,operating,,,2022,,,,ORCAL Geothermal INC [100%],,,,32.7144,-115.5356,exact,,Imperial County,,California,Northern America,Americas,"World Resources Institute: USA0054111, EIA: 54111, EIA: 541111",,L100000700063,G100000700536,https://gem.wiki/Second_Imperial_geothermal_power_plant
11.5.2023,United States,Second Imperial geothermal power plant,OEC1,,,26,binary cycle,operating,,,2022,,,,ORCAL Geothermal INC [100%],,,,32.7144,-115.5356,exact,,Imperial County,,California,Northern America,Americas,"World Resources Institute: USA0054111, EIA: 54111, EIA: 541111",,L100000700063,G100000700535,https://gem.wiki/Second_Imperial_geothermal_power_plant
8.5.2023,Indonesia,Sibayak geothermal power plant,--,,,10,unknown type,operating,,,,,,,Pertamina Geothermal Energy [100%],,,,3.2266,98.5004,exact,Jaranguda,Karo,Karo Regency,North Sumatra,South-eastern Asia,Asia,,,L100000700210,G100000700367,https://gem.wiki/Sibayak_geothermal_power_plant
14.3.2024,Türkiye,Simav geothermal power plant,--,,,25,unknown type,announced,,,,,,,Zorlu Enerji [100%],,,,39.4224,29.9889,approximate,,,,Kütahya,Western Asia,Asia,,,L100000700248,G100000700455,https://gem.wiki/Simav_geothermal_power_plant
11.5.2023,United States,Soda Lake 3 geothermal power plant,SL3,,,26,binary cycle,operating,,,2019,,,,Amor 9 LLC [100%],,,,39.5545,-118.8501,exact,,Churchill County,,Nevada,Northern America,Americas,EIA: 63365,,L100000700287,G100000700537,https://gem.wiki/Soda_Lake_3_geothermal_power_plant
8.5.2023,Indonesia,Sokoria geothermal power plant,1,,,3,unknown type,operating,,,,,PT Sokoria Geothermal Indonesia,,,,,,-8.7938,121.7662,exact,,Ende,,East Nusa Tenggara,South-eastern Asia,Asia,,,L100000700211,G100000700368,https://gem.wiki/Sokoria_geothermal_power_plant
8.5.2023,Indonesia,Sokoria geothermal power plant,2,,,3,unknown type,operating,,,,,PT Sokoria Geothermal Indonesia,,,,,,-8.7938,121.7662,exact,,Ende,,East Nusa Tenggara,South-eastern Asia,Asia,,,L100000700211,G100000700369,https://gem.wiki/Sokoria_geothermal_power_plant
13.3.2024,Indonesia,Songa Wayaua geothermal power plant,1,,,5,unknown type,announced,,,,,,,PT PLN (Persero) [100%],,,,-0.5422,127.5245,approximate,,Bacan Island,Halmahere Selatan,Maluku Utara,South-eastern Asia,Asia,,,L100000700212,G100000700370,https://gem.wiki/Songa_Wayaua_geothermal_power_plant
13.3.2024,Indonesia,Songa Wayaua geothermal power plant,2,,,5,unknown type,announced,,,,,,,PT PLN (Persero) [100%],,,,-0.5422,127.5245,approximate,,Bacan Island,Halmahere Selatan,Maluku Utara,South-eastern Asia,Asia,,,L100000700212,G100000700371,https://gem.wiki/Songa_Wayaua_geothermal_power_plant
11.5.2023,United States,Star Peak geothermal power plant,STEAM,,,3,binary cycle,operating,,,2022,,,,,,,,40.5321,-118.272,exact,,Pershing County,,Nevada,Northern America,Americas,EIA: 65773,,L100000700288,G100000700542,https://gem.wiki/Star_Peak_geothermal_power_plant
11.5.2023,United States,Star Peak geothermal power plant,3500,,,4,binary cycle,operating,,,2022,,,,,,,,40.5321,-118.272,exact,,Pershing County,,Nevada,Northern America,Americas,EIA: 65773,,L100000700288,G100000700538,https://gem.wiki/Star_Peak_geothermal_power_plant
11.5.2023,United States,Star Peak geothermal power plant,5100A,,,5,binary cycle,operating,,,2022,,,,,,,,40.5321,-118.272,exact,,Pershing County,,Nevada,Northern America,Americas,EIA: 65773,,L100000700288,G100000700540,https://gem.wiki/Star_Peak_geothermal_power_plant
11.5.2023,United States,Star Peak geothermal power plant,5100B,,,5,binary cycle,operating,,,2022,,,,,,,,40.5321,-118.272,exact,,Pershing County,,Nevada,Northern America,Americas,EIA: 65773,,L100000700288,G100000700541,https://gem.wiki/Star_Peak_geothermal_power_plant
11.5.2023,United States,Star Peak geothermal power plant,5200,,,5,binary cycle,operating,,,2022,,,,,,,,40.5321,-118.272,exact,,Pershing County,,Nevada,Northern America,Americas,EIA: 65773,,L100000700288,G100000700539,https://gem.wiki/Star_Peak_geothermal_power_plant
11.5.2023,United States,Steamboat 2 geothermal power plant,T201,,,9,binary cycle,operating,,,1992,,,,Steamboat Development CORP [100%],,,,39.3956,-119.7468,exact,,Washoe County,,Nevada,Northern America,Americas,EIA: 54665,,L100000700289,G100000700543,https://gem.wiki/Steamboat_2_geothermal_power_plant
11.5.2023,United States,Steamboat 2 geothermal power plant,T202,,,9,binary cycle,operating,,,1992,,,,Steamboat Development CORP [100%],,,,39.3956,-119.7468,exact,,Washoe County,,Nevada,Northern America,Americas,EIA: 54665,,L100000700289,G100000700544,https://gem.wiki/Steamboat_2_geothermal_power_plant
11.5.2023,United States,Steamboat 3 geothermal power plant,T301,,,9,binary cycle,operating,,,1992,,,,Steamboat Development CORP [100%],,,,39.3944,-119.7475,exact,,Washoe County,,Nevada,Northern America,Americas,EIA: 54665,,L100000700290,G100000700545,https://gem.wiki/Steamboat_3_geothermal_power_plant
11.5.2023,United States,Steamboat 3 geothermal power plant,T302,,,9,binary cycle,operating,,,1992,,,,Steamboat Development CORP [100%],,,,39.3944,-119.7475,exact,,Washoe County,,Nevada,Northern America,Americas,EIA: 54665,,L100000700290,G100000700546,https://gem.wiki/Steamboat_3_geothermal_power_plant
11.5.2023,United States,Steamboat Hills geothermal power plant,OEC52,,,6,binary cycle,operating,,,2020,,,,Ormat Technology INC [100%],,,,39.3701,-119.7669,exact,,Washoe County,,Nevada,Northern America,Americas,EIA: 50654,,L100000700291,G100000700548,https://gem.wiki/Steamboat_Hills_geothermal_power_plant
11.5.2023,United States,Steamboat Hills geothermal power plant,OEC51,,,26,binary cycle,operating,,,2020,,,,Ormat Technology INC [100%],,,,39.3701,-119.7669,exact,,Washoe County,,Nevada,Northern America,Americas,EIA: 50654,,L100000700291,G100000700547,https://gem.wiki/Steamboat_Hills_geothermal_power_plant
13.3.2024,Iceland,Svartsengi geothermal power plant,7,Virkjunin í Svartsengi,,22,flash steam - unknown,construction,,,,,HS Orka,,HS Orka [100%],,,,63.8788,-22.4332,exact,,Grindavíkurbær,Southern Peninsula,,Northern Europe,Europe,World Resources Institute: WRI1002810,,L100000700168,G100000700338,https://gem.wiki/Svartsengi_geothermal_power_plant
13.3.2024,Philippines,Tanawon geothermal power plant,--,,Bacman 3,20,flash steam - unknown,operating,,,2024,,,,,,,,13.028163293475243,123.9194166337236,approximate,,,,Sorsogon,South-eastern Asia,Asia,,,L100000700169,G100000700278,https://gem.wiki/Tanawon_geothermal_power_plant
1.4.2024,New Zealand,Te Ahi O Maui geothermal power plant,--,,,26,binary cycle,operating,,,2018,,Eastland Generation,,Eastland Generation; Kawerau A8D Ahu Whenua Trust,,,,-38.0631426,176.7022563,exact,,,Rotoma,,Australia and New Zealand,Oceania,,,L100001004539,G100001005326,https://www.gem.wiki/Te_Ahi_O_Maui_geothermal_power_plant
11.5.2023,United States,Terra-Gen Dixie Valley geothermal plant,GEN2,,,6,binary cycle,operating,,,2012,,,,Ormat Technology INC [100%],,,,39.9663,-117.8557,exact,,Churchill County,,Nevada,Northern America,Americas,"World Resources Institute: USA0052015, EIA: 52015",,L100000700174,G100000700549,https://gem.wiki/Terra-Gen_Dixie_Valley_geothermal_plant
11.5.2023,United States,Thermo No 1 geothermal power plant,2,,,14,binary cycle,operating,,,2013,,,,Thermo No 1 BE 01 LLC [100%],,,,38.1607,-113.1945,exact,,Beaver County,,Utah,Northern America,Americas,EIA: 57353,,L100000700292,G100000700550,https://gem.wiki/Thermo_No_1_geothermal_power_plant
13.3.2024,Philippines,Tiwi Binary geothermal power plant,--,,,17,binary cycle,operating,,,2023,,,,,,,,13.4597,123.6393,exact,,,Tiwi,Albay,South-eastern Asia,Asia,,,L100000700235,G100000700422,https://gem.wiki/Tiwi_Binary_geothermal_power_plant
1.4.2024,New Zealand,TOPP1 geothermal power plant,--,,,24,binary cycle,operating,,,2013,,,,Eastland Generation,,"Installation from April 2012-April 2013 used 34,000 man hours according to IMG",,-38.06083436,176.72183067814396,exact,,,,,Australia and New Zealand,Oceania,,,L100001004540,G100001005327,https://www.gem.wiki/TOPP1_geothermal_power_plant
13.3.2024,Canada,Tu Deh-Kah geothermal power plant,--,,,10,binary cycle,construction,,,2026,,Deh Tai LP,,Deh Tai LP [100%],,,,58.7701,-122.6599,approximate,,Fort Nelson First Nation,,,Northern America,Americas,,,L100000700194,G100000700325,https://gem.wiki/Tu_Deh-Kah_geothermal_power_plant
13.3.2024,Indonesia,Tulehu geothermal power plant,--,,,20,unknown type,announced,,,,,,,PT PLN (Persero) [100%],,,,-3.6238,128.1486,approximate,,Ambon Island,Maluku Tengah,Maluku,South-eastern Asia,Asia,,,L100000700214,G100000700374,https://gem.wiki/Tulehu_geothermal_power_plant
11.5.2023,United States,Tungsten Mountain geothermal plant,2,,,26,binary cycle,operating,,,2022,,,,Tungsten Mountain [100%],,,,39.667,-117.6937,exact,,Churchill County,,Nevada,Northern America,Americas,"EIA: 60785, World Resources Institute: USA0060785",,L100000700182,G100000700551,https://gem.wiki/Tungsten_Mountain_geothermal_plant
4.5.2023,Türkiye,Türkerler 1 geothermal power plant,--,,,24,unknown type,operating,,,,,,,Turkeler Energy [100%],,,,38.40458912635197,28.429055355874432,approximate,,,,Manisa,Western Asia,Asia,,,L100000700250,G100000700457,https://gem.wiki/Türkerler_1_geothermal_power_plant
4.5.2023,Türkiye,Türkerler 2 geothermal power plant,--,,,24,unknown type,operating,,,,,,,Turkeler Energy [100%],,,,38.40464797942065,28.428883694496157,exact,,,,Manisa,Western Asia,Asia,,,L100000700251,G100000700458,https://gem.wiki/Türkerler_2_geothermal_power_plant
11.5.2023,United States,Tuscarora geothermal power plant,1,,,16,binary cycle,operating,,,2012,,,,Ormat Technology INC [100%],,,,41.4828,-116.1511,exact,,Elko County,,Nevada,Northern America,Americas,EIA: 57451,,L100000700293,G100000700552,https://gem.wiki/Tuscarora_geothermal_power_plant
11.5.2023,United States,Tuscarora geothermal power plant,2,,,16,binary cycle,operating,,,2012,,,,Ormat Technology INC [100%],,,,41.4828,-116.1511,exact,,Elko County,,Nevada,Northern America,Americas,EIA: 57451,,L100000700293,G100000700553,https://gem.wiki/Tuscarora_geothermal_power_plant
8.5.2023,Indonesia,Ulumbo geothermal power plant,1,,,2,unknown type,operating,,,,,PT PLN (Persero),,,,,,-5.309,104.5734,exact,,Tanggamus,,Lampung,South-eastern Asia,Asia,,,L100000700215,G100000700375,https://gem.wiki/Ulumbo_geothermal_power_plant
8.5.2023,Indonesia,Ulumbo geothermal power plant,2,,,2,unknown type,operating,,,,,PT PLN (Persero),,,,,,-5.309,104.5734,exact,,Tanggamus,,Lampung,South-eastern Asia,Asia,,,L100000700215,G100000700376,https://gem.wiki/Ulumbo_geothermal_power_plant
8.5.2023,Indonesia,Ulumbo geothermal power plant,3,,,2,unknown type,operating,,,,,PT PLN (Persero),,,,,,-5.3058,104.577,exact,,Tanggamus,,Lampung,South-eastern Asia,Asia,,,L100000700215,G100000700377,https://gem.wiki/Ulumbo_geothermal_power_plant
8.5.2023,Indonesia,Ulumbo geothermal power plant,4,,,2,unknown type,operating,,,,,PT PLN (Persero),,,,,,-5.3058,104.577,exact,,Tanggamus,,Lampung,South-eastern Asia,Asia,,,L100000700215,G100000700378,https://gem.wiki/Ulumbo_geothermal_power_plant
13.3.2024,United Kingdom,United Downs geothermal power plant,--,,,25,unknown type,construction,,,2024,,,,,,,,50.2291,-5.166,exact,,Cornwall,,England,Northern Europe,Europe,,,L100000700252,G100000700461,https://gem.wiki/United_Downs_geothermal_power_plant
11.5.2023,United States,Vulcan-BN Geothermal plant,2,,,10,unknown type,operating,,,1985,,,,CalEnergy Operating CORP [100%],,,,33.1633,-115.6167,exact,,Imperial County,,California,Northern America,Americas,"World Resources Institute: USA0050210, EIA: 50210",,L100000700188,G100000700554,https://gem.wiki/Vulcan-BN_Geothermal_plant
11.5.2023,United States,Whitegrass 1 geothermal power plant,1,,,2,binary cycle,operating,,,2018,,,,Open Mountain Energy LLC [100%],,,,39.1633,-119.1805,exact,,Lyon County,,Nevada,Northern America,Americas,EIA: 63001,,L100000700294,G100000700555,https://gem.wiki/Whitegrass_1_geothermal_power_plant
11.5.2023,United States,Whitegrass 1 geothermal power plant,2,,,2,binary cycle,operating,,,2018,,,,Open Mountain Energy LLC [100%],,,,39.1633,-119.1805,exact,,Lyon County,,Nevada,Northern America,Americas,EIA: 63001,,L100000700294,G100000700556,https://gem.wiki/Whitegrass_1_geothermal_power_plant
14.3.2024,United States,Whitegrass 2 geothermal power plant,--,,,6,unknown type,announced,,,2025,,Open Mountain Energy LLC,,,,,,39.1633,-119.1805,approximate,,Lyon County,,Nevada,Northern America,Americas,,,L100000700295,G100000700557,https://gem.wiki/Whitegrass_2_geothermal_power_plant
13.3.2024,Slovakia,Ziar geothermal power plant,--,,,20,unknown type,pre-construction,,,2026,,PW Energy,,,,,,48.5711,18.8448,approximate,,,Žiar nad Hronom,,Eastern Europe,Europe,,,L100000700239,G100000700428,https://gem.wiki/Ziar_geothermal_power_plant
,,,,,,,,,,,,,,,,,,,,,,,,,,,,,,,,
,,,,,,,,,,,,,,,,,,,,,,,,,,,,,,,,
,,,,,,,,,,,,,,,,,,,,,,,,,,,,,,,,
,,,,,,,,,,,,,,,,,,,,,,,,,,,,,,,,
,,,,,,,,,,,,,,,,,,,,,,,,,,,,,,,,
,,,,,,,,,,,,,,,,,,,,,,,,,,,,,,,,
,,,,,,,,,,,,,,,,,,,,,,,,,,,,,,,,
,,,,,,,,,,,,,,,,,,,,,,,,,,,,,,,,
,,,,,,,,,,,,,,,,,,,,,,,,,,,,,,,,
,,,,,,,,,,,,,,,,,,,,,,,,,,,,,,,,
,,,,,,,,,,,,,,,,,,,,,,,,,,,,,,,,
,,,,,,,,,,,,,,,,,,,,,,,,,,,,,,,,
,,,,,,,,,,,,,,,,,,,,,,,,,,,,,,,,
,,,,,,,,,,,,,,,,,,,,,,,,,,,,,,,,
,,,,,,,,,,,,,,,,,,,,,,,,,,,,,,,,
,,,,,,,,,,,,,,,,,,,,,,,,,,,,,,,,
,,,,,,,,,,,,,,,,,,,,,,,,,,,,,,,,
,,,,,,,,,,,,,,,,,,,,,,,,,,,,,,,,
,,,,,,,,,,,,,,,,,,,,,,,,,,,,,,,,
,,,,,,,,,,,,,,,,,,,,,,,,,,,,,,,,
,,,,,,,,,,,,,,,,,,,,,,,,,,,,,,,,
,,,,,,,,,,,,,,,,,,,,,,,,,,,,,,,,
,,,,,,,,,,,,,,,,,,,,,,,,,,,,,,,,
,,,,,,,,,,,,,,,,,,,,,,,,,,,,,,,,
,,,,,,,,,,,,,,,,,,,,,,,,,,,,,,,,
,,,,,,,,,,,,,,,,,,,,,,,,,,,,,,,,
,,,,,,,,,,,,,,,,,,,,,,,,,,,,,,,,
,,,,,,,,,,,,,,,,,,,,,,,,,,,,,,,,
,,,,,,,,,,,,,,,,,,,,,,,,,,,,,,,,
,,,,,,,,,,,,,,,,,,,,,,,,,,,,,,,,
,,,,,,,,,,,,,,,,,,,,,,,,,,,,,,,,
,,,,,,,,,,,,,,,,,,,,,,,,,,,,,,,,
,,,,,,,,,,,,,,,,,,,,,,,,,,,,,,,,
,,,,,,,,,,,,,,,,,,,,,,,,,,,,,,,,
,,,,,,,,,,,,,,,,,,,,,,,,,,,,,,,,
,,,,,,,,,,,,,,,,,,,,,,,,,,,,,,,,
,,,,,,,,,,,,,,,,,,,,,,,,,,,,,,,,
,,,,,,,,,,,,,,,,,,,,,,,,,,,,,,,,
,,,,,,,,,,,,,,,,,,,,,,,,,,,,,,,,
,,,,,,,,,,,,,,,,,,,,,,,,,,,,,,,,
,,,,,,,,,,,,,,,,,,,,,,,,,,,,,,,,
,,,,,,,,,,,,,,,,,,,,,,,,,,,,,,,,
,,,,,,,,,,,,,,,,,,,,,,,,,,,,,,,,
,,,,,,,,,,,,,,,,,,,,,,,,,,,,,,,,
,,,,,,,,,,,,,,,,,,,,,,,,,,,,,,,,
,,,,,,,,,,,,,,,,,,,,,,,,,,,,,,,,
,,,,,,,,,,,,,,,,,,,,,,,,,,,,,,,,
,,,,,,,,,,,,,,,,,,,,,,,,,,,,,,,,
,,,,,,,,,,,,,,,,,,,,,,,,,,,,,,,,
,,,,,,,,,,,,,,,,,,,,,,,,,,,,,,,,
,,,,,,,,,,,,,,,,,,,,,,,,,,,,,,,,
,,,,,,,,,,,,,,,,,,,,,,,,,,,,,,,,
,,,,,,,,,,,,,,,,,,,,,,,,,,,,,,,,
,,,,,,,,,,,,,,,,,,,,,,,,,,,,,,,,
,,,,,,,,,,,,,,,,,,,,,,,,,,,,,,,,
,,,,,,,,,,,,,,,,,,,,,,,,,,,,,,,,
,,,,,,,,,,,,,,,,,,,,,,,,,,,,,,,,
,,,,,,,,,,,,,,,,,,,,,,,,,,,,,,,,
,,,,,,,,,,,,,,,,,,,,,,,,,,,,,,,,
,,,,,,,,,,,,,,,,,,,,,,,,,,,,,,,,
,,,,,,,,,,,,,,,,,,,,,,,,,,,,,,,,
,,,,,,,,,,,,,,,,,,,,,,,,,,,,,,,,
,,,,,,,,,,,,,,,,,,,,,,,,,,,,,,,,
,,,,,,,,,,,,,,,,,,,,,,,,,,,,,,,,
,,,,,,,,,,,,,,,,,,,,,,,,,,,,,,,,
,,,,,,,,,,,,,,,,,,,,,,,,,,,,,,,,
,,,,,,,,,,,,,,,,,,,,,,,,,,,,,,,,
,,,,,,,,,,,,,,,,,,,,,,,,,,,,,,,,
,,,,,,,,,,,,,,,,,,,,,,,,,,,,,,,,
,,,,,,,,,,,,,,,,,,,,,,,,,,,,,,,,
,,,,,,,,,,,,,,,,,,,,,,,,,,,,,,,,
,,,,,,,,,,,,,,,,,,,,,,,,,,,,,,,,
,,,,,,,,,,,,,,,,,,,,,,,,,,,,,,,,
,,,,,,,,,,,,,,,,,,,,,,,,,,,,,,,,
,,,,,,,,,,,,,,,,,,,,,,,,,,,,,,,,
,,,,,,,,,,,,,,,,,,,,,,,,,,,,,,,,
,,,,,,,,,,,,,,,,,,,,,,,,,,,,,,,,
,,,,,,,,,,,,,,,,,,,,,,,,,,,,,,,,
,,,,,,,,,,,,,,,,,,,,,,,,,,,,,,,,
,,,,,,,,,,,,,,,,,,,,,,,,,,,,,,,,
,,,,,,,,,,,,,,,,,,,,,,,,,,,,,,,,
,,,,,,,,,,,,,,,,,,,,,,,,,,,,,,,,
,,,,,,,,,,,,,,,,,,,,,,,,,,,,,,,,
,,,,,,,,,,,,,,,,,,,,,,,,,,,,,,,,
,,,,,,,,,,,,,,,,,,,,,,,,,,,,,,,,
,,,,,,,,,,,,,,,,,,,,,,,,,,,,,,,,
,,,,,,,,,,,,,,,,,,,,,,,,,,,,,,,,
,,,,,,,,,,,,,,,,,,,,,,,,,,,,,,,,
,,,,,,,,,,,,,,,,,,,,,,,,,,,,,,,,
,,,,,,,,,,,,,,,,,,,,,,,,,,,,,,,,
,,,,,,,,,,,,,,,,,,,,,,,,,,,,,,,,
,,,,,,,,,,,,,,,,,,,,,,,,,,,,,,,,
,,,,,,,,,,,,,,,,,,,,,,,,,,,,,,,,
,,,,,,,,,,,,,,,,,,,,,,,,,,,,,,,,
,,,,,,,,,,,,,,,,,,,,,,,,,,,,,,,,
,,,,,,,,,,,,,,,,,,,,,,,,,,,,,,,,
,,,,,,,,,,,,,,,,,,,,,,,,,,,,,,,,
,,,,,,,,,,,,,,,,,,,,,,,,,,,,,,,,
,,,,,,,,,,,,,,,,,,,,,,,,,,,,,,,,
,,,,,,,,,,,,,,,,,,,,,,,,,,,,,,,,
,,,,,,,,,,,,,,,,,,,,,,,,,,,,,,,,
,,,,,,,,,,,,,,,,,,,,,,,,,,,,,,,,
,,,,,,,,,,,,,,,,,,,,,,,,,,,,,,,,
,,,,,,,,,,,,,,,,,,,,,,,,,,,,,,,,
,,,,,,,,,,,,,,,,,,,,,,,,,,,,,,,,
,,,,,,,,,,,,,,,,,,,,,,,,,,,,,,,,
,,,,,,,,,,,,,,,,,,,,,,,,,,,,,,,,
,,,,,,,,,,,,,,,,,,,,,,,,,,,,,,,,
,,,,,,,,,,,,,,,,,,,,,,,,,,,,,,,,
,,,,,,,,,,,,,,,,,,,,,,,,,,,,,,,,
,,,,,,,,,,,,,,,,,,,,,,,,,,,,,,,,
,,,,,,,,,,,,,,,,,,,,,,,,,,,,,,,,
,,,,,,,,,,,,,,,,,,,,,,,,,,,,,,,,
,,,,,,,,,,,,,,,,,,,,,,,,,,,,,,,,
,,,,,,,,,,,,,,,,,,,,,,,,,,,,,,,,
,,,,,,,,,,,,,,,,,,,,,,,,,,,,,,,,
,,,,,,,,,,,,,,,,,,,,,,,,,,,,,,,,
,,,,,,,,,,,,,,,,,,,,,,,,,,,,,,,,
,,,,,,,,,,,,,,,,,,,,,,,,,,,,,,,,
,,,,,,,,,,,,,,,,,,,,,,,,,,,,,,,,
,,,,,,,,,,,,,,,,,,,,,,,,,,,,,,,,
,,,,,,,,,,,,,,,,,,,,,,,,,,,,,,,,
,,,,,,,,,,,,,,,,,,,,,,,,,,,,,,,,
,,,,,,,,,,,,,,,,,,,,,,,,,,,,,,,,
,,,,,,,,,,,,,,,,,,,,,,,,,,,,,,,,
,,,,,,,,,,,,,,,,,,,,,,,,,,,,,,,,
,,,,,,,,,,,,,,,,,,,,,,,,,,,,,,,,
,,,,,,,,,,,,,,,,,,,,,,,,,,,,,,,,
,,,,,,,,,,,,,,,,,,,,,,,,,,,,,,,,
,,,,,,,,,,,,,,,,,,,,,,,,,,,,,,,,
,,,,,,,,,,,,,,,,,,,,,,,,,,,,,,,,
,,,,,,,,,,,,,,,,,,,,,,,,,,,,,,,,
,,,,,,,,,,,,,,,,,,,,,,,,,,,,,,,,
,,,,,,,,,,,,,,,,,,,,,,,,,,,,,,,,
,,,,,,,,,,,,,,,,,,,,,,,,,,,,,,,,
,,,,,,,,,,,,,,,,,,,,,,,,,,,,,,,,
,,,,,,,,,,,,,,,,,,,,,,,,,,,,,,,,
,,,,,,,,,,,,,,,,,,,,,,,,,,,,,,,,
,,,,,,,,,,,,,,,,,,,,,,,,,,,,,,,,
,,,,,,,,,,,,,,,,,,,,,,,,,,,,,,,,
,,,,,,,,,,,,,,,,,,,,,,,,,,,,,,,,
,,,,,,,,,,,,,,,,,,,,,,,,,,,,,,,,
,,,,,,,,,,,,,,,,,,,,,,,,,,,,,,,,
,,,,,,,,,,,,,,,,,,,,,,,,,,,,,,,,
,,,,,,,,,,,,,,,,,,,,,,,,,,,,,,,,
,,,,,,,,,,,,,,,,,,,,,,,,,,,,,,,,
,,,,,,,,,,,,,,,,,,,,,,,,,,,,,,,,
,,,,,,,,,,,,,,,,,,,,,,,,,,,,,,,,
,,,,,,,,,,,,,,,,,,,,,,,,,,,,,,,,
,,,,,,,,,,,,,,,,,,,,,,,,,,,,,,,,
,,,,,,,,,,,,,,,,,,,,,,,,,,,,,,,,
,,,,,,,,,,,,,,,,,,,,,,,,,,,,,,,,
,,,,,,,,,,,,,,,,,,,,,,,,,,,,,,,,
,,,,,,,,,,,,,,,,,,,,,,,,,,,,,,,,
,,,,,,,,,,,,,,,,,,,,,,,,,,,,,,,,
,,,,,,,,,,,,,,,,,,,,,,,,,,,,,,,,
,,,,,,,,,,,,,,,,,,,,,,,,,,,,,,,,
,,,,,,,,,,,,,,,,,,,,,,,,,,,,,,,,
,,,,,,,,,,,,,,,,,,,,,,,,,,,,,,,,
,,,,,,,,,,,,,,,,,,,,,,,,,,,,,,,,
,,,,,,,,,,,,,,,,,,,,,,,,,,,,,,,,
,,,,,,,,,,,,,,,,,,,,,,,,,,,,,,,,
,,,,,,,,,,,,,,,,,,,,,,,,,,,,,,,,
,,,,,,,,,,,,,,,,,,,,,,,,,,,,,,,,
,,,,,,,,,,,,,,,,,,,,,,,,,,,,,,,,
,,,,,,,,,,,,,,,,,,,,,,,,,,,,,,,,
,,,,,,,,,,,,,,,,,,,,,,,,,,,,,,,,
,,,,,,,,,,,,,,,,,,,,,,,,,,,,,,,,
,,,,,,,,,,,,,,,,,,,,,,,,,,,,,,,,
,,,,,,,,,,,,,,,,,,,,,,,,,,,,,,,,
,,,,,,,,,,,,,,,,,,,,,,,,,,,,,,,,
,,,,,,,,,,,,,,,,,,,,,,,,,,,,,,,,
,,,,,,,,,,,,,,,,,,,,,,,,,,,,,,,,
,,,,,,,,,,,,,,,,,,,,,,,,,,,,,,,,
,,,,,,,,,,,,,,,,,,,,,,,,,,,,,,,,
,,,,,,,,,,,,,,,,,,,,,,,,,,,,,,,,
,,,,,,,,,,,,,,,,,,,,,,,,,,,,,,,,
,,,,,,,,,,,,,,,,,,,,,,,,,,,,,,,,
,,,,,,,,,,,,,,,,,,,,,,,,,,,,,,,,
,,,,,,,,,,,,,,,,,,,,,,,,,,,,,,,,
,,,,,,,,,,,,,,,,,,,,,,,,,,,,,,,,
,,,,,,,,,,,,,,,,,,,,,,,,,,,,,,,,
,,,,,,,,,,,,,,,,,,,,,,,,,,,,,,,,
,,,,,,,,,,,,,,,,,,,,,,,,,,,,,,,,
,,,,,,,,,,,,,,,,,,,,,,,,,,,,,,,,
,,,,,,,,,,,,,,,,,,,,,,,,,,,,,,,,
,,,,,,,,,,,,,,,,,,,,,,,,,,,,,,,,
,,,,,,,,,,,,,,,,,,,,,,,,,,,,,,,,
,,,,,,,,,,,,,,,,,,,,,,,,,,,,,,,,
,,,,,,,,,,,,,,,,,,,,,,,,,,,,,,,,
,,,,,,,,,,,,,,,,,,,,,,,,,,,,,,,,
,,,,,,,,,,,,,,,,,,,,,,,,,,,,,,,,
,,,,,,,,,,,,,,,,,,,,,,,,,,,,,,,,
,,,,,,,,,,,,,,,,,,,,,,,,,,,,,,,,
,,,,,,,,,,,,,,,,,,,,,,,,,,,,,,,,
,,,,,,,,,,,,,,,,,,,,,,,,,,,,,,,,
,,,,,,,,,,,,,,,,,,,,,,,,,,,,,,,,
,,,,,,,,,,,,,,,,,,,,,,,,,,,,,,,,
,,,,,,,,,,,,,,,,,,,,,,,,,,,,,,,,
,,,,,,,,,,,,,,,,,,,,,,,,,,,,,,,,
,,,,,,,,,,,,,,,,,,,,,,,,,,,,,,,,
,,,,,,,,,,,,,,,,,,,,,,,,,,,,,,,,
,,,,,,,,,,,,,,,,,,,,,,,,,,,,,,,,
,,,,,,,,,,,,,,,,,,,,,,,,,,,,,,,,
,,,,,,,,,,,,,,,,,,,,,,,,,,,,,,,,
,,,,,,,,,,,,,,,,,,,,,,,,,,,,,,,,
,,,,,,,,,,,,,,,,,,,,,,,,,,,,,,,,
,,,,,,,,,,,,,,,,,,,,,,,,,,,,,,,,
,,,,,,,,,,,,,,,,,,,,,,,,,,,,,,,,
,,,,,,,,,,,,,,,,,,,,,,,,,,,,,,,,
,,,,,,,,,,,,,,,,,,,,,,,,,,,,,,,,
,,,,,,,,,,,,,,,,,,,,,,,,,,,,,,,,
,,,,,,,,,,,,,,,,,,,,,,,,,,,,,,,,
,,,,,,,,,,,,,,,,,,,,,,,,,,,,,,,,
,,,,,,,,,,,,,,,,,,,,,,,,,,,,,,,,
,,,,,,,,,,,,,,,,,,,,,,,,,,,,,,,,
,,,,,,,,,,,,,,,,,,,,,,,,,,,,,,,,
,,,,,,,,,,,,,,,,,,,,,,,,,,,,,,,,
,,,,,,,,,,,,,,,,,,,,,,,,,,,,,,,,
,,,,,,,,,,,,,,,,,,,,,,,,,,,,,,,,
,,,,,,,,,,,,,,,,,,,,,,,,,,,,,,,,
,,,,,,,,,,,,,,,,,,,,,,,,,,,,,,,,
,,,,,,,,,,,,,,,,,,,,,,,,,,,,,,,,
,,,,,,,,,,,,,,,,,,,,,,,,,,,,,,,,
,,,,,,,,,,,,,,,,,,,,,,,,,,,,,,,,
,,,,,,,,,,,,,,,,,,,,,,,,,,,,,,,,
,,,,,,,,,,,,,,,,,,,,,,,,,,,,,,,,
,,,,,,,,,,,,,,,,,,,,,,,,,,,,,,,,
,,,,,,,,,,,,,,,,,,,,,,,,,,,,,,,,
,,,,,,,,,,,,,,,,,,,,,,,,,,,,,,,,
,,,,,,,,,,,,,,,,,,,,,,,,,,,,,,,,
,,,,,,,,,,,,,,,,,,,,,,,,,,,,,,,,
,,,,,,,,,,,,,,,,,,,,,,,,,,,,,,,,
,,,,,,,,,,,,,,,,,,,,,,,,,,,,,,,,
,,,,,,,,,,,,,,,,,,,,,,,,,,,,,,,,
,,,,,,,,,,,,,,,,,,,,,,,,,,,,,,,,
,,,,,,,,,,,,,,,,,,,,,,,,,,,,,,,,
,,,,,,,,,,,,,,,,,,,,,,,,,,,,,,,,
,,,,,,,,,,,,,,,,,,,,,,,,,,,,,,,,
,,,,,,,,,,,,,,,,,,,,,,,,,,,,,,,,
,,,,,,,,,,,,,,,,,,,,,,,,,,,,,,,,
,,,,,,,,,,,,,,,,,,,,,,,,,,,,,,,,
,,,,,,,,,,,,,,,,,,,,,,,,,,,,,,,,
,,,,,,,,,,,,,,,,,,,,,,,,,,,,,,,,
,,,,,,,,,,,,,,,,,,,,,,,,,,,,,,,,
,,,,,,,,,,,,,,,,,,,,,,,,,,,,,,,,
,,,,,,,,,,,,,,,,,,,,,,,,,,,,,,,,
,,,,,,,,,,,,,,,,,,,,,,,,,,,,,,,,
,,,,,,,,,,,,,,,,,,,,,,,,,,,,,,,,
,,,,,,,,,,,,,,,,,,,,,,,,,,,,,,,,
,,,,,,,,,,,,,,,,,,,,,,,,,,,,,,,,
,,,,,,,,,,,,,,,,,,,,,,,,,,,,,,,,
,,,,,,,,,,,,,,,,,,,,,,,,,,,,,,,,
,,,,,,,,,,,,,,,,,,,,,,,,,,,,,,,,
,,,,,,,,,,,,,,,,,,,,,,,,,,,,,,,,
,,,,,,,,,,,,,,,,,,,,,,,,,,,,,,,,
,,,,,,,,,,,,,,,,,,,,,,,,,,,,,,,,
,,,,,,,,,,,,,,,,,,,,,,,,,,,,,,,,
,,,,,,,,,,,,,,,,,,,,,,,,,,,,,,,,
,,,,,,,,,,,,,,,,,,,,,,,,,,,,,,,,
,,,,,,,,,,,,,,,,,,,,,,,,,,,,,,,,
,,,,,,,,,,,,,,,,,,,,,,,,,,,,,,,,
,,,,,,,,,,,,,,,,,,,,,,,,,,,,,,,,
,,,,,,,,,,,,,,,,,,,,,,,,,,,,,,,,
,,,,,,,,,,,,,,,,,,,,,,,,,,,,,,,,
,,,,,,,,,,,,,,,,,,,,,,,,,,,,,,,,
,,,,,,,,,,,,,,,,,,,,,,,,,,,,,,,,
,,,,,,,,,,,,,,,,,,,,,,,,,,,,,,,,
,,,,,,,,,,,,,,,,,,,,,,,,,,,,,,,,
,,,,,,,,,,,,,,,,,,,,,,,,,,,,,,,,
,,,,,,,,,,,,,,,,,,,,,,,,,,,,,,,,
,,,,,,,,,,,,,,,,,,,,,,,,,,,,,,,,
,,,,,,,,,,,,,,,,,,,,,,,,,,,,,,,,
,,,,,,,,,,,,,,,,,,,,,,,,,,,,,,,,
,,,,,,,,,,,,,,,,,,,,,,,,,,,,,,,,
,,,,,,,,,,,,,,,,,,,,,,,,,,,,,,,,
,,,,,,,,,,,,,,,,,,,,,,,,,,,,,,,,
,,,,,,,,,,,,,,,,,,,,,,,,,,,,,,,,
,,,,,,,,,,,,,,,,,,,,,,,,,,,,,,,,
,,,,,,,,,,,,,,,,,,,,,,,,,,,,,,,,
,,,,,,,,,,,,,,,,,,,,,,,,,,,,,,,,
,,,,,,,,,,,,,,,,,,,,,,,,,,,,,,,,
,,,,,,,,,,,,,,,,,,,,,,,,,,,,,,,,
,,,,,,,,,,,,,,,,,,,,,,,,,,,,,,,,
,,,,,,,,,,,,,,,,,,,,,,,,,,,,,,,,
,,,,,,,,,,,,,,,,,,,,,,,,,,,,,,,,
,,,,,,,,,,,,,,,,,,,,,,,,,,,,,,,,
,,,,,,,,,,,,,,,,,,,,,,,,,,,,,,,,
,,,,,,,,,,,,,,,,,,,,,,,,,,,,,,,,
,,,,,,,,,,,,,,,,,,,,,,,,,,,,,,,,
,,,,,,,,,,,,,,,,,,,,,,,,,,,,,,,,
,,,,,,,,,,,,,,,,,,,,,,,,,,,,,,,,
,,,,,,,,,,,,,,,,,,,,,,,,,,,,,,,,
,,,,,,,,,,,,,,,,,,,,,,,,,,,,,,,,
,,,,,,,,,,,,,,,,,,,,,,,,,,,,,,,,
,,,,,,,,,,,,,,,,,,,,,,,,,,,,,,,,
,,,,,,,,,,,,,,,,,,,,,,,,,,,,,,,,
,,,,,,,,,,,,,,,,,,,,,,,,,,,,,,,,
,,,,,,,,,,,,,,,,,,,,,,,,,,,,,,,,
,,,,,,,,,,,,,,,,,,,,,,,,,,,,,,,,
,,,,,,,,,,,,,,,,,,,,,,,,,,,,,,,,
,,,,,,,,,,,,,,,,,,,,,,,,,,,,,,,,
,,,,,,,,,,,,,,,,,,,,,,,,,,,,,,,,
,,,,,,,,,,,,,,,,,,,,,,,,,,,,,,,,
,,,,,,,,,,,,,,,,,,,,,,,,,,,,,,,,
,,,,,,,,,,,,,,,,,,,,,,,,,,,,,,,,
,,,,,,,,,,,,,,,,,,,,,,,,,,,,,,,,
,,,,,,,,,,,,,,,,,,,,,,,,,,,,,,,,
,,,,,,,,,,,,,,,,,,,,,,,,,,,,,,,,
,,,,,,,,,,,,,,,,,,,,,,,,,,,,,,,,
,,,,,,,,,,,,,,,,,,,,,,,,,,,,,,,,
,,,,,,,,,,,,,,,,,,,,,,,,,,,,,,,,
,,,,,,,,,,,,,,,,,,,,,,,,,,,,,,,,
,,,,,,,,,,,,,,,,,,,,,,,,,,,,,,,,
,,,,,,,,,,,,,,,,,,,,,,,,,,,,,,,,
,,,,,,,,,,,,,,,,,,,,,,,,,,,,,,,,
,,,,,,,,,,,,,,,,,,,,,,,,,,,,,,,,
,,,,,,,,,,,,,,,,,,,,,,,,,,,,,,,,
,,,,,,,,,,,,,,,,,,,,,,,,,,,,,,,,
,,,,,,,,,,,,,,,,,,,,,,,,,,,,,,,,
,,,,,,,,,,,,,,,,,,,,,,,,,,,,,,,,
,,,,,,,,,,,,,,,,,,,,,,,,,,,,,,,,
,,,,,,,,,,,,,,,,,,,,,,,,,,,,,,,,
,,,,,,,,,,,,,,,,,,,,,,,,,,,,,,,,
,,,,,,,,,,,,,,,,,,,,,,,,,,,,,,,,
,,,,,,,,,,,,,,,,,,,,,,,,,,,,,,,,
,,,,,,,,,,,,,,,,,,,,,,,,,,,,,,,,
,,,,,,,,,,,,,,,,,,,,,,,,,,,,,,,,
,,,,,,,,,,,,,,,,,,,,,,,,,,,,,,,,
,,,,,,,,,,,,,,,,,,,,,,,,,,,,,,,,
,,,,,,,,,,,,,,,,,,,,,,,,,,,,,,,,
,,,,,,,,,,,,,,,,,,,,,,,,,,,,,,,,
,,,,,,,,,,,,,,,,,,,,,,,,,,,,,,,,
,,,,,,,,,,,,,,,,,,,,,,,,,,,,,,,,
,,,,,,,,,,,,,,,,,,,,,,,,,,,,,,,,
,,,,,,,,,,,,,,,,,,,,,,,,,,,,,,,,
,,,,,,,,,,,,,,,,,,,,,,,,,,,,,,,,
,,,,,,,,,,,,,,,,,,,,,,,,,,,,,,,,
,,,,,,,,,,,,,,,,,,,,,,,,,,,,,,,,
,,,,,,,,,,,,,,,,,,,,,,,,,,,,,,,,
,,,,,,,,,,,,,,,,,,,,,,,,,,,,,,,,
,,,,,,,,,,,,,,,,,,,,,,,,,,,,,,,,
,,,,,,,,,,,,,,,,,,,,,,,,,,,,,,,,
,,,,,,,,,,,,,,,,,,,,,,,,,,,,,,,,
,,,,,,,,,,,,,,,,,,,,,,,,,,,,,,,,
,,,,,,,,,,,,,,,,,,,,,,,,,,,,,,,,
,,,,,,,,,,,,,,,,,,,,,,,,,,,,,,,,
,,,,,,,,,,,,,,,,,,,,,,,,,,,,,,,,
,,,,,,,,,,,,,,,,,,,,,,,,,,,,,,,,
,,,,,,,,,,,,,,,,,,,,,,,,,,,,,,,,
,,,,,,,,,,,,,,,,,,,,,,,,,,,,,,,,
,,,,,,,,,,,,,,,,,,,,,,,,,,,,,,,,
,,,,,,,,,,,,,,,,,,,,,,,,,,,,,,,,
,,,,,,,,,,,,,,,,,,,,,,,,,,,,,,,,
,,,,,,,,,,,,,,,,,,,,,,,,,,,,,,,,
,,,,,,,,,,,,,,,,,,,,,,,,,,,,,,,,
,,,,,,,,,,,,,,,,,,,,,,,,,,,,,,,,
,,,,,,,,,,,,,,,,,,,,,,,,,,,,,,,,
,,,,,,,,,,,,,,,,,,,,,,,,,,,,,,,,
,,,,,,,,,,,,,,,,,,,,,,,,,,,,,,,,
,,,,,,,,,,,,,,,,,,,,,,,,,,,,,,,,
,,,,,,,,,,,,,,,,,,,,,,,,,,,,,,,,
,,,,,,,,,,,,,,,,,,,,,,,,,,,,,,,,
,,,,,,,,,,,,,,,,,,,,,,,,,,,,,,,,
,,,,,,,,,,,,,,,,,,,,,,,,,,,,,,,,
,,,,,,,,,,,,,,,,,,,,,,,,,,,,,,,,
,,,,,,,,,,,,,,,,,,,,,,,,,,,,,,,,
,,,,,,,,,,,,,,,,,,,,,,,,,,,,,,,,
,,,,,,,,,,,,,,,,,,,,,,,,,,,,,,,,
,,,,,,,,,,,,,,,,,,,,,,,,,,,,,,,,
,,,,,,,,,,,,,,,,,,,,,,,,,,,,,,,,
,,,,,,,,,,,,,,,,,,,,,,,,,,,,,,,,
,,,,,,,,,,,,,,,,,,,,,,,,,,,,,,,,
,,,,,,,,,,,,,,,,,,,,,,,,,,,,,,,,
,,,,,,,,,,,,,,,,,,,,,,,,,,,,,,,,
,,,,,,,,,,,,,,,,,,,,,,,,,,,,,,,,
,,,,,,,,,,,,,,,,,,,,,,,,,,,,,,,,
,,,,,,,,,,,,,,,,,,,,,,,,,,,,,,,,
,,,,,,,,,,,,,,,,,,,,,,,,,,,,,,,,
,,,,,,,,,,,,,,,,,,,,,,,,,,,,,,,,
,,,,,,,,,,,,,,,,,,,,,,,,,,,,,,,,
,,,,,,,,,,,,,,,,,,,,,,,,,,,,,,,,
,,,,,,,,,,,,,,,,,,,,,,,,,,,,,,,,
,,,,,,,,,,,,,,,,,,,,,,,,,,,,,,,,
,,,,,,,,,,,,,,,,,,,,,,,,,,,,,,,,
,,,,,,,,,,,,,,,,,,,,,,,,,,,,,,,,
,,,,,,,,,,,,,,,,,,,,,,,,,,,,,,,,
,,,,,,,,,,,,,,,,,,,,,,,,,,,,,,,,
,,,,,,,,,,,,,,,,,,,,,,,,,,,,,,,,
,,,,,,,,,,,,,,,,,,,,,,,,,,,,,,,,
,,,,,,,,,,,,,,,,,,,,,,,,,,,,,,,,
,,,,,,,,,,,,,,,,,,,,,,,,,,,,,,,,
,,,,,,,,,,,,,,,,,,,,,,,,,,,,,,,,
,,,,,,,,,,,,,,,,,,,,,,,,,,,,,,,,
,,,,,,,,,,,,,,,,,,,,,,,,,,,,,,,,
,,,,,,,,,,,,,,,,,,,,,,,,,,,,,,,,
,,,,,,,,,,,,,,,,,,,,,,,,,,,,,,,,
,,,,,,,,,,,,,,,,,,,,,,,,,,,,,,,,
,,,,,,,,,,,,,,,,,,,,,,,,,,,,,,,,
,,,,,,,,,,,,,,,,,,,,,,,,,,,,,,,,
,,,,,,,,,,,,,,,,,,,,,,,,,,,,,,,,
,,,,,,,,,,,,,,,,,,,,,,,,,,,,,,,,
,,,,,,,,,,,,,,,,,,,,,,,,,,,,,,,,
,,,,,,,,,,,,,,,,,,,,,,,,,,,,,,,,
,,,,,,,,,,,,,,,,,,,,,,,,,,,,,,,,
,,,,,,,,,,,,,,,,,,,,,,,,,,,,,,,,
,,,,,,,,,,,,,,,,,,,,,,,,,,,,,,,,
,,,,,,,,,,,,,,,,,,,,,,,,,,,,,,,,
,,,,,,,,,,,,,,,,,,,,,,,,,,,,,,,,
,,,,,,,,,,,,,,,,,,,,,,,,,,,,,,,,
,,,,,,,,,,,,,,,,,,,,,,,,,,,,,,,,
,,,,,,,,,,,,,,,,,,,,,,,,,,,,,,,,
,,,,,,,,,,,,,,,,,,,,,,,,,,,,,,,,
,,,,,,,,,,,,,,,,,,,,,,,,,,,,,,,,
,,,,,,,,,,,,,,,,,,,,,,,,,,,,,,,,
,,,,,,,,,,,,,,,,,,,,,,,,,,,,,,,,
,,,,,,,,,,,,,,,,,,,,,,,,,,,,,,,,
,,,,,,,,,,,,,,,,,,,,,,,,,,,,,,,,
,,,,,,,,,,,,,,,,,,,,,,,,,,,,,,,,
,,,,,,,,,,,,,,,,,,,,,,,,,,,,,,,,
,,,,,,,,,,,,,,,,,,,,,,,,,,,,,,,,
,,,,,,,,,,,,,,,,,,,,,,,,,,,,,,,,
,,,,,,,,,,,,,,,,,,,,,,,,,,,,,,,,
,,,,,,,,,,,,,,,,,,,,,,,,,,,,,,,,
,,,,,,,,,,,,,,,,,,,,,,,,,,,,,,,,
,,,,,,,,,,,,,,,,,,,,,,,,,,,,,,,,
,,,,,,,,,,,,,,,,,,,,,,,,,,,,,,,,
,,,,,,,,,,,,,,,,,,,,,,,,,,,,,,,,
,,,,,,,,,,,,,,,,,,,,,,,,,,,,,,,,
,,,,,,,,,,,,,,,,,,,,,,,,,,,,,,,,
,,,,,,,,,,,,,,,,,,,,,,,,,,,,,,,,
,,,,,,,,,,,,,,,,,,,,,,,,,,,,,,,,
,,,,,,,,,,,,,,,,,,,,,,,,,,,,,,,,
,,,,,,,,,,,,,,,,,,,,,,,,,,,,,,,,
,,,,,,,,,,,,,,,,,,,,,,,,,,,,,,,,
,,,,,,,,,,,,,,,,,,,,,,,,,,,,,,,,
,,,,,,,,,,,,,,,,,,,,,,,,,,,,,,,,
,,,,,,,,,,,,,,,,,,,,,,,,,,,,,,,,
,,,,,,,,,,,,,,,,,,,,,,,,,,,,,,,,
,,,,,,,,,,,,,,,,,,,,,,,,,,,,,,,,
,,,,,,,,,,,,,,,,,,,,,,,,,,,,,,,,
,,,,,,,,,,,,,,,,,,,,,,,,,,,,,,,,
,,,,,,,,,,,,,,,,,,,,,,,,,,,,,,,,
,,,,,,,,,,,,,,,,,,,,,,,,,,,,,,,,
,,,,,,,,,,,,,,,,,,,,,,,,,,,,,,,,
,,,,,,,,,,,,,,,,,,,,,,,,,,,,,,,,
,,,,,,,,,,,,,,,,,,,,,,,,,,,,,,,,
,,,,,,,,,,,,,,,,,,,,,,,,,,,,,,,,
,,,,,,,,,,,,,,,,,,,,,,,,,,,,,,,,
,,,,,,,,,,,,,,,,,,,,,,,,,,,,,,,,
,,,,,,,,,,,,,,,,,,,,,,,,,,,,,,,,
,,,,,,,,,,,,,,,,,,,,,,,,,,,,,,,,
,,,,,,,,,,,,,,,,,,,,,,,,,,,,,,,,
,,,,,,,,,,,,,,,,,,,,,,,,,,,,,,,,
,,,,,,,,,,,,,,,,,,,,,,,,,,,,,,,,
,,,,,,,,,,,,,,,,,,,,,,,,,,,,,,,,
,,,,,,,,,,,,,,,,,,,,,,,,,,,,,,,,
,,,,,,,,,,,,,,,,,,,,,,,,,,,,,,,,
,,,,,,,,,,,,,,,,,,,,,,,,,,,,,,,,
,,,,,,,,,,,,,,,,,,,,,,,,,,,,,,,,
,,,,,,,,,,,,,,,,,,,,,,,,,,,,,,,,
,,,,,,,,,,,,,,,,,,,,,,,,,,,,,,,,
,,,,,,,,,,,,,,,,,,,,,,,,,,,,,,,,
,,,,,,,,,,,,,,,,,,,,,,,,,,,,,,,,
,,,,,,,,,,,,,,,,,,,,,,,,,,,,,,,,
,,,,,,,,,,,,,,,,,,,,,,,,,,,,,,,,
,,,,,,,,,,,,,,,,,,,,,,,,,,,,,,,,
,,,,,,,,,,,,,,,,,,,,,,,,,,,,,,,,
,,,,,,,,,,,,,,,,,,,,,,,,,,,,,,,,
,,,,,,,,,,,,,,,,,,,,,,,,,,,,,,,,
,,,,,,,,,,,,,,,,,,,,,,,,,,,,,,,,
,,,,,,,,,,,,,,,,,,,,,,,,,,,,,,,,
,,,,,,,,,,,,,,,,,,,,,,,,,,,,,,,,
,,,,,,,,,,,,,,,,,,,,,,,,,,,,,,,,
,,,,,,,,,,,,,,,,,,,,,,,,,,,,,,,,
,,,,,,,,,,,,,,,,,,,,,,,,,,,,,,,,
,,,,,,,,,,,,,,,,,,,,,,,,,,,,,,,,
,,,,,,,,,,,,,,,,,,,,,,,,,,,,,,,,
,,,,,,,,,,,,,,,,,,,,,,,,,,,,,,,,
,,,,,,,,,,,,,,,,,,,,,,,,,,,,,,,,
,,,,,,,,,,,,,,,,,,,,,,,,,,,,,,,,
,,,,,,,,,,,,,,,,,,,,,,,,,,,,,,,,
,,,,,,,,,,,,,,,,,,,,,,,,,,,,,,,,
,,,,,,,,,,,,,,,,,,,,,,,,,,,,,,,,
,,,,,,,,,,,,,,,,,,,,,,,,,,,,,,,,
,,,,,,,,,,,,,,,,,,,,,,,,,,,,,,,,
,,,,,,,,,,,,,,,,,,,,,,,,,,,,,,,,
,,,,,,,,,,,,,,,,,,,,,,,,,,,,,,,,
,,,,,,,,,,,,,,,,,,,,,,,,,,,,,,,,
,,,,,,,,,,,,,,,,,,,,,,,,,,,,,,,,
,,,,,,,,,,,,,,,,,,,,,,,,,,,,,,,,
,,,,,,,,,,,,,,,,,,,,,,,,,,,,,,,,
,,,,,,,,,,,,,,,,,,,,,,,,,,,,,,,,
,,,,,,,,,,,,,,,,,,,,,,,,,,,,,,,,
,,,,,,,,,,,,,,,,,,,,,,,,,,,,,,,,
,,,,,,,,,,,,,,,,,,,,,,,,,,,,,,,,
,,,,,,,,,,,,,,,,,,,,,,,,,,,,,,,,
,,,,,,,,,,,,,,,,,,,,,,,,,,,,,,,,
,,,,,,,,,,,,,,,,,,,,,,,,,,,,,,,,
,,,,,,,,,,,,,,,,,,,,,,,,,,,,,,,,
,,,,,,,,,,,,,,,,,,,,,,,,,,,,,,,,
,,,,,,,,,,,,,,,,,,,,,,,,,,,,,,,,
,,,,,,,,,,,,,,,,,,,,,,,,,,,,,,,,
,,,,,,,,,,,,,,,,,,,,,,,,,,,,,,,,
,,,,,,,,,,,,,,,,,,,,,,,,,,,,,,,,
,,,,,,,,,,,,,,,,,,,,,,,,,,,,,,,,
,,,,,,,,,,,,,,,,,,,,,,,,,,,,,,,,
,,,,,,,,,,,,,,,,,,,,,,,,,,,,,,,,
,,,,,,,,,,,,,,,,,,,,,,,,,,,,,,,,
,,,,,,,,,,,,,,,,,,,,,,,,,,,,,,,,
,,,,,,,,,,,,,,,,,,,,,,,,,,,,,,,,
,,,,,,,,,,,,,,,,,,,,,,,,,,,,,,,,
,,,,,,,,,,,,,,,,,,,,,,,,,,,,,,,,
,,,,,,,,,,,,,,,,,,,,,,,,,,,,,,,,
,,,,,,,,,,,,,,,,,,,,,,,,,,,,,,,,
,,,,,,,,,,,,,,,,,,,,,,,,,,,,,,,,
,,,,,,,,,,,,,,,,,,,,,,,,,,,,,,,,
,,,,,,,,,,,,,,,,,,,,,,,,,,,,,,,,
,,,,,,,,,,,,,,,,,,,,,,,,,,,,,,,,
,,,,,,,,,,,,,,,,,,,,,,,,,,,,,,,,
,,,,,,,,,,,,,,,,,,,,,,,,,,,,,,,,
,,,,,,,,,,,,,,,,,,,,,,,,,,,,,,,,
,,,,,,,,,,,,,,,,,,,,,,,,,,,,,,,,
,,,,,,,,,,,,,,,,,,,,,,,,,,,,,,,,
,,,,,,,,,,,,,,,,,,,,,,,,,,,,,,,,
,,,,,,,,,,,,,,,,,,,,,,,,,,,,,,,,
,,,,,,,,,,,,,,,,,,,,,,,,,,,,,,,,
,,,,,,,,,,,,,,,,,,,,,,,,,,,,,,,,
,,,,,,,,,,,,,,,,,,,,,,,,,,,,,,,,
,,,,,,,,,,,,,,,,,,,,,,,,,,,,,,,,
,,,,,,,,,,,,,,,,,,,,,,,,,,,,,,,,
,,,,,,,,,,,,,,,,,,,,,,,,,,,,,,,,
,,,,,,,,,,,,,,,,,,,,,,,,,,,,,,,,
,,,,,,,,,,,,,,,,,,,,,,,,,,,,,,,,
,,,,,,,,,,,,,,,,,,,,,,,,,,,,,,,,
,,,,,,,,,,,,,,,,,,,,,,,,,,,,,,,,
,,,,,,,,,,,,,,,,,,,,,,,,,,,,,,,,
,,,,,,,,,,,,,,,,,,,,,,,,,,,,,,,,
,,,,,,,,,,,,,,,,,,,,,,,,,,,,,,,,
,,,,,,,,,,,,,,,,,,,,,,,,,,,,,,,,
,,,,,,,,,,,,,,,,,,,,,,,,,,,,,,,,
,,,,,,,,,,,,,,,,,,,,,,,,,,,,,,,,
,,,,,,,,,,,,,,,,,,,,,,,,,,,,,,,,
,,,,,,,,,,,,,,,,,,,,,,,,,,,,,,,,
,,,,,,,,,,,,,,,,,,,,,,,,,,,,,,,,
,,,,,,,,,,,,,,,,,,,,,,,,,,,,,,,,
,,,,,,,,,,,,,,,,,,,,,,,,,,,,,,,,
,,,,,,,,,,,,,,,,,,,,,,,,,,,,,,,,
,,,,,,,,,,,,,,,,,,,,,,,,,,,,,,,,
,,,,,,,,,,,,,,,,,,,,,,,,,,,,,,,,
,,,,,,,,,,,,,,,,,,,,,,,,,,,,,,,,
,,,,,,,,,,,,,,,,,,,,,,,,,,,,,,,,
,,,,,,,,,,,,,,,,,,,,,,,,,,,,,,,,
,,,,,,,,,,,,,,,,,,,,,,,,,,,,,,,,
,,,,,,,,,,,,,,,,,,,,,,,,,,,,,,,,
,,,,,,,,,,,,,,,,,,,,,,,,,,,,,,,,
,,,,,,,,,,,,,,,,,,,,,,,,,,,,,,,,
,,,,,,,,,,,,,,,,,,,,,,,,,,,,,,,,
,,,,,,,,,,,,,,,,,,,,,,,,,,,,,,,,
,,,,,,,,,,,,,,,,,,,,,,,,,,,,,,,,
,,,,,,,,,,,,,,,,,,,,,,,,,,,,,,,,
,,,,,,,,,,,,,,,,,,,,,,,,,,,,,,,,
,,,,,,,,,,,,,,,,,,,,,,,,,,,,,,,,
,,,,,,,,,,,,,,,,,,,,,,,,,,,,,,,,
,,,,,,,,,,,,,,,,,,,,,,,,,,,,,,,,
,,,,,,,,,,,,,,,,,,,,,,,,,,,,,,,,
,,,,,,,,,,,,,,,,,,,,,,,,,,,,,,,,
,,,,,,,,,,,,,,,,,,,,,,,,,,,,,,,,
,,,,,,,,,,,,,,,,,,,,,,,,,,,,,,,,
,,,,,,,,,,,,,,,,,,,,,,,,,,,,,,,,
,,,,,,,,,,,,,,,,,,,,,,,,,,,,,,,,
,,,,,,,,,,,,,,,,,,,,,,,,,,,,,,,,
,,,,,,,,,,,,,,,,,,,,,,,,,,,,,,,,
,,,,,,,,,,,,,,,,,,,,,,,,,,,,,,,,
,,,,,,,,,,,,,,,,,,,,,,,,,,,,,,,,
,,,,,,,,,,,,,,,,,,,,,,,,,,,,,,,,
,,,,,,,,,,,,,,,,,,,,,,,,,,,,,,,,
,,,,,,,,,,,,,,,,,,,,,,,,,,,,,,,,
,,,,,,,,,,,,,,,,,,,,,,,,,,,,,,,,
,,,,,,,,,,,,,,,,,,,,,,,,,,,,,,,,
,,,,,,,,,,,,,,,,,,,,,,,,,,,,,,,,
,,,,,,,,,,,,,,,,,,,,,,,,,,,,,,,,
,,,,,,,,,,,,,,,,,,,,,,,,,,,,,,,,
,,,,,,,,,,,,,,,,,,,,,,,,,,,,,,,,
,,,,,,,,,,,,,,,,,,,,,,,,,,,,,,,,
,,,,,,,,,,,,,,,,,,,,,,,,,,,,,,,,
,,,,,,,,,,,,,,,,,,,,,,,,,,,,,,,,
,,,,,,,,,,,,,,,,,,,,,,,,,,,,,,,,
,,,,,,,,,,,,,,,,,,,,,,,,,,,,,,,,
,,,,,,,,,,,,,,,,,,,,,,,,,,,,,,,,
,,,,,,,,,,,,,,,,,,,,,,,,,,,,,,,,
,,,,,,,,,,,,,,,,,,,,,,,,,,,,,,,,
,,,,,,,,,,,,,,,,,,,,,,,,,,,,,,,,
,,,,,,,,,,,,,,,,,,,,,,,,,,,,,,,,
,,,,,,,,,,,,,,,,,,,,,,,,,,,,,,,,
,,,,,,,,,,,,,,,,,,,,,,,,,,,,,,,,
,,,,,,,,,,,,,,,,,,,,,,,,,,,,,,,,
,,,,,,,,,,,,,,,,,,,,,,,,,,,,,,,,
,,,,,,,,,,,,,,,,,,,,,,,,,,,,,,,,
,,,,,,,,,,,,,,,,,,,,,,,,,,,,,,,,
,,,,,,,,,,,,,,,,,,,,,,,,,,,,,,,,
,,,,,,,,,,,,,,,,,,,,,,,,,,,,,,,,
,,,,,,,,,,,,,,,,,,,,,,,,,,,,,,,,
,,,,,,,,,,,,,,,,,,,,,,,,,,,,,,,,
,,,,,,,,,,,,,,,,,,,,,,,,,,,,,,,,
,,,,,,,,,,,,,,,,,,,,,,,,,,,,,,,,
,,,,,,,,,,,,,,,,,,,,,,,,,,,,,,,,
,,,,,,,,,,,,,,,,,,,,,,,,,,,,,,,,
,,,,,,,,,,,,,,,,,,,,,,,,,,,,,,,,
,,,,,,,,,,,,,,,,,,,,,,,,,,,,,,,,
,,,,,,,,,,,,,,,,,,,,,,,,,,,,,,,,
,,,,,,,,,,,,,,,,,,,,,,,,,,,,,,,,
,,,,,,,,,,,,,,,,,,,,,,,,,,,,,,,,
,,,,,,,,,,,,,,,,,,,,,,,,,,,,,,,,
,,,,,,,,,,,,,,,,,,,,,,,,,,,,,,,,
,,,,,,,,,,,,,,,,,,,,,,,,,,,,,,,,
,,,,,,,,,,,,,,,,,,,,,,,,,,,,,,,,
,,,,,,,,,,,,,,,,,,,,,,,,,,,,,,,,
,,,,,,,,,,,,,,,,,,,,,,,,,,,,,,,,
,,,,,,,,,,,,,,,,,,,,,,,,,,,,,,,,
,,,,,,,,,,,,,,,,,,,,,,,,,,,,,,,,
,,,,,,,,,,,,,,,,,,,,,,,,,,,,,,,,
,,,,,,,,,,,,,,,,,,,,,,,,,,,,,,,,
,,,,,,,,,,,,,,,,,,,,,,,,,,,,,,,,
,,,,,,,,,,,,,,,,,,,,,,,,,,,,,,,,
,,,,,,,,,,,,,,,,,,,,,,,,,,,,,,,,
,,,,,,,,,,,,,,,,,,,,,,,,,,,,,,,,
,,,,,,,,,,,,,,,,,,,,,,,,,,,,,,,,
,,,,,,,,,,,,,,,,,,,,,,,,,,,,,,,,
,,,,,,,,,,,,,,,,,,,,,,,,,,,,,,,,
,,,,,,,,,,,,,,,,,,,,,,,,,,,,,,,,
,,,,,,,,,,,,,,,,,,,,,,,,,,,,,,,,
,,,,,,,,,,,,,,,,,,,,,,,,,,,,,,,,
,,,,,,,,,,,,,,,,,,,,,,,,,,,,,,,,
,,,,,,,,,,,,,,,,,,,,,,,,,,,,,,,,
,,,,,,,,,,,,,,,,,,,,,,,,,,,,,,,,
,,,,,,,,,,,,,,,,,,,,,,,,,,,,,,,,
,,,,,,,,,,,,,,,,,,,,,,,,,,,,,,,,
,,,,,,,,,,,,,,,,,,,,,,,,,,,,,,,,
,,,,,,,,,,,,,,,,,,,,,,,,,,,,,,,,
,,,,,,,,,,,,,,,,,,,,,,,,,,,,,,,,
,,,,,,,,,,,,,,,,,,,,,,,,,,,,,,,,
,,,,,,,,,,,,,,,,,,,,,,,,,,,,,,,,
,,,,,,,,,,,,,,,,,,,,,,,,,,,,,,,,
,,,,,,,,,,,,,,,,,,,,,,,,,,,,,,,,
,,,,,,,,,,,,,,,,,,,,,,,,,,,,,,,,
,,,,,,,,,,,,,,,,,,,,,,,,,,,,,,,,
,,,,,,,,,,,,,,,,,,,,,,,,,,,,,,,,
,,,,,,,,,,,,,,,,,,,,,,,,,,,,,,,,
,,,,,,,,,,,,,,,,,,,,,,,,,,,,,,,,
,,,,,,,,,,,,,,,,,,,,,,,,,,,,,,,,
,,,,,,,,,,,,,,,,,,,,,,,,,,,,,,,,
,,,,,,,,,,,,,,,,,,,,,,,,,,,,,,,,
,,,,,,,,,,,,,,,,,,,,,,,,,,,,,,,,
,,,,,,,,,,,,,,,,,,,,,,,,,,,,,,,,
,,,,,,,,,,,,,,,,,,,,,,,,,,,,,,,,
,,,,,,,,,,,,,,,,,,,,,,,,,,,,,,,,
,,,,,,,,,,,,,,,,,,,,,,,,,,,,,,,,
,,,,,,,,,,,,,,,,,,,,,,,,,,,,,,,,
,,,,,,,,,,,,,,,,,,,,,,,,,,,,,,,,
,,,,,,,,,,,,,,,,,,,,,,,,,,,,,,,,
,,,,,,,,,,,,,,,,,,,,,,,,,,,,,,,,
,,,,,,,,,,,,,,,,,,,,,,,,,,,,,,,,
,,,,,,,,,,,,,,,,,,,,,,,,,,,,,,,,
,,,,,,,,,,,,,,,,,,,,,,,,,,,,,,,,
,,,,,,,,,,,,,,,,,,,,,,,,,,,,,,,,
,,,,,,,,,,,,,,,,,,,,,,,,,,,,,,,,
,,,,,,,,,,,,,,,,,,,,,,,,,,,,,,,,
,,,,,,,,,,,,,,,,,,,,,,,,,,,,,,,,
,,,,,,,,,,,,,,,,,,,,,,,,,,,,,,,,
,,,,,,,,,,,,,,,,,,,,,,,,,,,,,,,,
,,,,,,,,,,,,,,,,,,,,,,,,,,,,,,,,
,,,,,,,,,,,,,,,,,,,,,,,,,,,,,,,,
,,,,,,,,,,,,,,,,,,,,,,,,,,,,,,,,
,,,,,,,,,,,,,,,,,,,,,,,,,,,,,,,,
,,,,,,,,,,,,,,,,,,,,,,,,,,,,,,,,
,,,,,,,,,,,,,,,,,,,,,,,,,,,,,,,,
,,,,,,,,,,,,,,,,,,,,,,,,,,,,,,,,
,,,,,,,,,,,,,,,,,,,,,,,,,,,,,,,,
,,,,,,,,,,,,,,,,,,,,,,,,,,,,,,,,
,,,,,,,,,,,,,,,,,,,,,,,,,,,,,,,,
,,,,,,,,,,,,,,,,,,,,,,,,,,,,,,,,
,,,,,,,,,,,,,,,,,,,,,,,,,,,,,,,,
,,,,,,,,,,,,,,,,,,,,,,,,,,,,,,,,
,,,,,,,,,,,,,,,,,,,,,,,,,,,,,,,,
,,,,,,,,,,,,,,,,,,,,,,,,,,,,,,,,
,,,,,,,,,,,,,,,,,,,,,,,,,,,,,,,,
,,,,,,,,,,,,,,,,,,,,,,,,,,,,,,,,
,,,,,,,,,,,,,,,,,,,,,,,,,,,,,,,,
,,,,,,,,,,,,,,,,,,,,,,,,,,,,,,,,
,,,,,,,,,,,,,,,,,,,,,,,,,,,,,,,,
,,,,,,,,,,,,,,,,,,,,,,,,,,,,,,,,
,,,,,,,,,,,,,,,,,,,,,,,,,,,,,,,,
,,,,,,,,,,,,,,,,,,,,,,,,,,,,,,,,
,,,,,,,,,,,,,,,,,,,,,,,,,,,,,,,,
,,,,,,,,,,,,,,,,,,,,,,,,,,,,,,,,
,,,,,,,,,,,,,,,,,,,,,,,,,,,,,,,,
,,,,,,,,,,,,,,,,,,,,,,,,,,,,,,,,
,,,,,,,,,,,,,,,,,,,,,,,,,,,,,,,,
,,,,,,,,,,,,,,,,,,,,,,,,,,,,,,,,
,,,,,,,,,,,,,,,,,,,,,,,,,,,,,,,,
,,,,,,,,,,,,,,,,,,,,,,,,,,,,,,,,
,,,,,,,,,,,,,,,,,,,,,,,,,,,,,,,,
,,,,,,,,,,,,,,,,,,,,,,,,,,,,,,,,
,,,,,,,,,,,,,,,,,,,,,,,,,,,,,,,,
,,,,,,,,,,,,,,,,,,,,,,,,,,,,,,,,
,,,,,,,,,,,,,,,,,,,,,,,,,,,,,,,,
,,,,,,,,,,,,,,,,,,,,,,,,,,,,,,,,
,,,,,,,,,,,,,,,,,,,,,,,,,,,,,,,,
,,,,,,,,,,,,,,,,,,,,,,,,,,,,,,,,
,,,,,,,,,,,,,,,,,,,,,,,,,,,,,,,,
,,,,,,,,,,,,,,,,,,,,,,,,,,,,,,,,
,,,,,,,,,,,,,,,,,,,,,,,,,,,,,,,,
,,,,,,,,,,,,,,,,,,,,,,,,,,,,,,,,
,,,,,,,,,,,,,,,,,,,,,,,,,,,,,,,,
,,,,,,,,,,,,,,,,,,,,,,,,,,,,,,,,
,,,,,,,,,,,,,,,,,,,,,,,,,,,,,,,,
,,,,,,,,,,,,,,,,,,,,,,,,,,,,,,,,
,,,,,,,,,,,,,,,,,,,,,,,,,,,,,,,,
,,,,,,,,,,,,,,,,,,,,,,,,,,,,,,,,
,,,,,,,,,,,,,,,,,,,,,,,,,,,,,,,,
,,,,,,,,,,,,,,,,,,,,,,,,,,,,,,,,
,,,,,,,,,,,,,,,,,,,,,,,,,,,,,,,,
,,,,,,,,,,,,,,,,,,,,,,,,,,,,,,,,
,,,,,,,,,,,,,,,,,,,,,,,,,,,,,,,,
,,,,,,,,,,,,,,,,,,,,,,,,,,,,,,,,
,,,,,,,,,,,,,,,,,,,,,,,,,,,,,,,,
,,,,,,,,,,,,,,,,,,,,,,,,,,,,,,,,
,,,,,,,,,,,,,,,,,,,,,,,,,,,,,,,,
,,,,,,,,,,,,,,,,,,,,,,,,,,,,,,,,
,,,,,,,,,,,,,,,,,,,,,,,,,,,,,,,,
,,,,,,,,,,,,,,,,,,,,,,,,,,,,,,,,
,,,,,,,,,,,,,,,,,,,,,,,,,,,,,,,,
,,,,,,,,,,,,,,,,,,,,,,,,,,,,,,,,
,,,,,,,,,,,,,,,,,,,,,,,,,,,,,,,,
,,,,,,,,,,,,,,,,,,,,,,,,,,,,,,,,
,,,,,,,,,,,,,,,,,,,,,,,,,,,,,,,,
,,,,,,,,,,,,,,,,,,,,,,,,,,,,,,,,
,,,,,,,,,,,,,,,,,,,,,,,,,,,,,,,,
,,,,,,,,,,,,,,,,,,,,,,,,,,,,,,,,
,,,,,,,,,,,,,,,,,,,,,,,,,,,,,,,,
,,,,,,,,,,,,,,,,,,,,,,,,,,,,,,,,
,,,,,,,,,,,,,,,,,,,,,,,,,,,,,,,,
,,,,,,,,,,,,,,,,,,,,,,,,,,,,,,,,
,,,,,,,,,,,,,,,,,,,,,,,,,,,,,,,,
,,,,,,,,,,,,,,,,,,,,,,,,,,,,,,,,
,,,,,,,,,,,,,,,,,,,,,,,,,,,,,,,,
,,,,,,,,,,,,,,,,,,,,,,,,,,,,,,,,
,,,,,,,,,,,,,,,,,,,,,,,,,,,,,,,,
,,,,,,,,,,,,,,,,,,,,,,,,,,,,,,,,
,,,,,,,,,,,,,,,,,,,,,,,,,,,,,,,,
,,,,,,,,,,,,,,,,,,,,,,,,,,,,,,,,
,,,,,,,,,,,,,,,,,,,,,,,,,,,,,,,,
,,,,,,,,,,,,,,,,,,,,,,,,,,,,,,,,
,,,,,,,,,,,,,,,,,,,,,,,,,,,,,,,,
,,,,,,,,,,,,,,,,,,,,,,,,,,,,,,,,
,,,,,,,,,,,,,,,,,,,,,,,,,,,,,,,,
,,,,,,,,,,,,,,,,,,,,,,,,,,,,,,,,
,,,,,,,,,,,,,,,,,,,,,,,,,,,,,,,,
,,,,,,,,,,,,,,,,,,,,,,,,,,,,,,,,
,,,,,,,,,,,,,,,,,,,,,,,,,,,,,,,,
,,,,,,,,,,,,,,,,,,,,,,,,,,,,,,,,
,,,,,,,,,,,,,,,,,,,,,,,,,,,,,,,,
,,,,,,,,,,,,,,,,,,,,,,,,,,,,,,,,
,,,,,,,,,,,,,,,,,,,,,,,,,,,,,,,,
,,,,,,,,,,,,,,,,,,,,,,,,,,,,,,,,
,,,,,,,,,,,,,,,,,,,,,,,,,,,,,,,,
,,,,,,,,,,,,,,,,,,,,,,,,,,,,,,,,
,,,,,,,,,,,,,,,,,,,,,,,,,,,,,,,,
,,,,,,,,,,,,,,,,,,,,,,,,,,,,,,,,
,,,,,,,,,,,,,,,,,,,,,,,,,,,,,,,,
,,,,,,,,,,,,,,,,,,,,,,,,,,,,,,,,
,,,,,,,,,,,,,,,,,,,,,,,,,,,,,,,,
,,,,,,,,,,,,,,,,,,,,,,,,,,,,,,,,
,,,,,,,,,,,,,,,,,,,,,,,,,,,,,,,,
,,,,,,,,,,,,,,,,,,,,,,,,,,,,,,,,
,,,,,,,,,,,,,,,,,,,,,,,,,,,,,,,,
,,,,,,,,,,,,,,,,,,,,,,,,,,,,,,,,
,,,,,,,,,,,,,,,,,,,,,,,,,,,,,,,,
,,,,,,,,,,,,,,,,,,,,,,,,,,,,,,,,
,,,,,,,,,,,,,,,,,,,,,,,,,,,,,,,,
,,,,,,,,,,,,,,,,,,,,,,,,,,,,,,,,
,,,,,,,,,,,,,,,,,,,,,,,,,,,,,,,,
,,,,,,,,,,,,,,,,,,,,,,,,,,,,,,,,
,,,,,,,,,,,,,,,,,,,,,,,,,,,,,,,,
,,,,,,,,,,,,,,,,,,,,,,,,,,,,,,,,
,,,,,,,,,,,,,,,,,,,,,,,,,,,,,,,,
,,,,,,,,,,,,,,,,,,,,,,,,,,,,,,,,
,,,,,,,,,,,,,,,,,,,,,,,,,,,,,,,,
,,,,,,,,,,,,,,,,,,,,,,,,,,,,,,,,
,,,,,,,,,,,,,,,,,,,,,,,,,,,,,,,,
,,,,,,,,,,,,,,,,,,,,,,,,,,,,,,,,
,,,,,,,,,,,,,,,,,,,,,,,,,,,,,,,,
,,,,,,,,,,,,,,,,,,,,,,,,,,,,,,,,
,,,,,,,,,,,,,,,,,,,,,,,,,,,,,,,,
,,,,,,,,,,,,,,,,,,,,,,,,,,,,,,,,
,,,,,,,,,,,,,,,,,,,,,,,,,,,,,,,,
,,,,,,,,,,,,,,,,,,,,,,,,,,,,,,,,
,,,,,,,,,,,,,,,,,,,,,,,,,,,,,,,,