Date Last Researched,Country 1,Country 2,Project Name,Project Name (local lang/script),Other name(s),Capacity (MW),Binational,Country 1 Capacity (MW),Country 2 Capacity (MW),Turbines,Status,Complex,Start Year,Retired Year,Owner,Owner Name (local lang/script),Operator,Operator Name (local lang/script),Technology Type,River / Watercourse,Latitude,Longitude,Location Accuracy,City 1,Local Area 1,Major Area 1,State/Province 1,Subregion 1,Region 1,City 2,Local Area 2,Major Area 2,State/Province 2,Subregion 2,Region 2,GEM location ID,GEM unit ID,Wiki URL
2023-10-12,Argentina,,El Tambolar hydroelectric plant,Central Hidroeléctrica El Tambolar,,70,No,70,0,2 x 35 MW,pre-construction,,,,Energía Provincial Sociedad del Estado (EPSE),,,,conventional storage,Río San Juan,-31.2994,-69.0834,approximate,,,Zonda,San Juan,Latin America and the Caribbean,Americas,,,,,,,L604215,G604369,
2022-09-14,China,,Koktokay hydroelectric plant,可可托海水电站,Keketuohai hydroelectric plant,65,No,65,0,,operating,,1976,,Xinjiang Non-ferrous Metal Industry Group Rare Metal CO LTD,新疆有色集团稀有金属公司,,,conventional storage,Irtysh River,47.1556,89.6985,exact,Koktokay,Fuyun,Ili AP,Xinjiang,Eastern Asia,Asia,,,,,,,L600916,G600923,
2022-09-14,China,,Xiaojin Yangjiawan hydroelectric plant,小金杨家湾水电站,Yanjiawang hydroelectric plant(杨家湾水电站),60,No,60,0,3 x 20 MW,operating,,2018,,POWERCHINA Hydropower Development Group CO LTD,中电建水电开发集团有限公司,Sichuan Xiaojinchuan Hydropower Development CO LTD,四川小金川水电开发有限公司,conventional storage,Fubian River,30.9987,102.3608,approximate,Meixing,Xiaojin,Ngawa AP,Sichuan,Eastern Asia,Asia,,,,,,,L601273,G601289,
2024-01-24,China,,Xinji hydroelectric plant,汉江新集水电站,,60,No,60,0,2 x 30 MW,construction,,2024,,Hanjiang State Assets Group CO LTD [98.2399%]; Others [1.7601%],汉江国有资本投资集团有限公司 [98.2399%]; 其他[1.7601%],Datang Xiangyang Hydropower CO LTD,大唐襄阳水电有限公司,conventional storage,Hanshui River,32.0646,111.9055,approximate,Wolong,Xiangcheng District,Xiangyang,Hubei,Eastern Asia,Asia,,,,,,,L601300,G601316,
2024-01-24,China,,Xinji hydroelectric plant,汉江新集水电站,,60,No,60,0,2 x 30 MW,operating,,2023,,Hanjiang State Assets Group CO LTD [98.2399%]; Others [1.7601%],汉江国有资本投资集团有限公司 [98.2399%]; 其他[1.7601%],Datang Xiangyang Hydropower CO LTD,大唐襄阳水电有限公司,conventional storage,Hanshui River,32.0646,111.9055,approximate,Wolong,Xiangcheng District,Xiangyang,Hubei,Eastern Asia,Asia,,,,,,,L601300,G604958,
2022-09-14,China,,Xinzang hydroelectric plant,新藏水电站,Shuiluohe Xinzang hydroelectric plant(水洛河新藏水电站),62,No,62,0,1 x 62 MW,operating,,2020,,Sichuan Branch of Huadian International Power CO LTD,华电国际电力股份有限公司四川分公司,Sichuan Liangshan Shuiluohe Electric Power Development CO LTD,四川凉山水洛河电力开发有限公司,conventional storage,Shuiluohe River,28.278,100.6504,approximate,Shuiluo,Muli,Liangshan AP,Sichuan,Eastern Asia,Asia,,,,,,,L601303,G601320,
2023-10-18,Colombia,,Cuenca Atrato Alto hydroelectric plant,Central Hidroeléctrica Cuenca Atrato Alto,"CAA, Talasa, Cuenca Atrato Mas Rio Grance, CARG",71,No,71,0,,pre-construction,,2025,,Talasa Projecto SAS,,Talasa Projecto SAS,,run-of-river,Río Atrato,5.8992,-76.1426,approximate,,,El Carmen de Atrato,Chocó,Latin America and the Caribbean,Americas,,,,,,,L601404,G601422,
2022-05-18,Ecuador,,Abanico hydroelectric plant (Ecuador),Central Hidroeléctrica Abanico,,38,No,38,0,,operating,,2006,,,,Hidroabanico SA,,run-of-river,,-2.256,-78.1982,exact,,Morona,,Morona Santiago,Latin America and the Caribbean,Americas,,,,,,,L601488,G601506,
2022-05-18,Ecuador,,Alao hydroelectric plant,Central Hidroeléctrica Alao,,11,No,11,0,,operating,,1967,,,,Empresa Eléctrica Riobamba SA (EERSA),,unknown,,-1.8115,-78.5968,exact,,Riobamba,,Chimborazo,Latin America and the Caribbean,Americas,,,,,,,L601491,G601509,
2023-10-18,Ecuador,,Alto Tambo hydroelectric plant,Central Hidroeléctrica Alto Tambo,,60,No,60,0,,announced,,2028,,,,,,unknown,,0.9575,-78.5427,approximate,,San Lorenzo,,Esmeraldas,Latin America and the Caribbean,Americas,,,,,,,L601492,G601510,
2023-10-18,Ecuador,,Angamarca-Sinde hydroelectric plant,Central Hidroeléctrica Angamarca-Sinde,,30,No,30,0,,pre-construction,,,,,,,,unknown,,-1.1508,-79.1622,exact,,Pangua,,Cotopaxi,Latin America and the Caribbean,Americas,,,,,,,L601493,G601511,
2023-10-18,Ecuador,,Arenal hydroelectric plant (Ecuador),Central Hidroeléctrica Arenal,,40,No,40,0,,announced,,,,,,,,unknown,,0.4725,-78.0428,approximate,,Ibarra,,Imbabura,Latin America and the Caribbean,Americas,,,,,,,L601494,G601512,
2022-05-18,Ecuador,,Baba hydroelectric plant,Central Hidroeléctrica Baba,,42,No,42,0,,operating,,2015,,,,Corporación Eléctrica del Ecuador (CELEC EP),,unknown,,-0.6728,-79.4685,exact,,Buena Fe,,Los Ríos,Latin America and the Caribbean,Americas,,,,,,,L601495,G601513,
2022-05-18,Ecuador,,Calope hydroelectric plant,Central Hidroeléctrica Calope,,17,No,17,0,,operating,,2006,,,,Enermax,,run-of-river,,-0.9941,-79.2388,exact,,La Maná,,Cotopaxi,Latin America and the Caribbean,Americas,,,,,,,L601496,G601514,
2023-10-19,Ecuador,,Chanchan hydroelectric plant,Central Hidroeléctrica Chanchan,,10,No,10,0,,pre-construction,,,,,,,,unknown,,-2.2954,-78.9933,exact,,Alausí,,Chimborazo,Latin America and the Caribbean,Americas,,,,,,,L601498,G601516,
2023-10-18,Ecuador,,Chaumala hydroelectric plant,Central Hidroeléctrica Chaumala,,40,No,40,0,,announced,,,,,,,,unknown,,-2.0786,-79.0233,approximate,,Pallatanga,,Chimborazo,Latin America and the Caribbean,Americas,,,,,,,L601499,G601517,
2023-10-18,Ecuador,,Chinambi hydroelectric plant,Central Hidroeléctrica Chinambi,,10,No,10,0,,pre-construction,,,,,,,,unknown,,0.8005,-78.2993,exact,,Mira,,Carchi,Latin America and the Caribbean,Americas,,,,,,,L601501,G601519,
2023-10-18,Ecuador,,Cinto hydroelectric plant,Central Hidroeléctrica Cinto,,46,No,46,0,,pre-construction,,,,,,,,unknown,,-0.028,-78.8186,exact,,San Miguel de Los Bancos,,Pichincha,Latin America and the Caribbean,Americas,,,,,,,L601504,G604315,
2023-10-18,Ecuador,,Corazón II hydroelectric plant,Central Hidroeléctrica Corazón II,,18,No,18,0,,pre-construction,,,,,,,,unknown,,-0.4337,-78.7778,exact,Manuel Cornejo Astorga (Tandapi),Machachi,,Pichincha,Latin America and the Caribbean,Americas,,,,,,,L601506,G604319,
2022-05-18,Ecuador,,Cumbayá hydroelectric plant,Central Hidroeléctrica Cumbayá,,40,No,40,0,,operating,,1962,,,,Empresa Eléctrica Quito SA (EEQ),,unknown,,-0.1855,-78.4169,exact,,Quito Canton,,Pichincha,Latin America and the Caribbean,Americas,,,,,,,L601507,G601525,
2022-05-18,Ecuador,,Due hydroelectric plant,Central Hidroeléctrica Due,,64,No,64,0,,operating,,2017,,,,Hidroalto Generacion de Energia SA,,unknown,,0.0382,-77.3939,exact,,Gonzalo Pizarro,,Sucumbíos,Latin America and the Caribbean,Americas,,,,,,,L601509,G601527,
2023-10-19,Ecuador,,El Salto hydroelectric plant,Central Hidroeléctrica El Salto,,30,No,30,0,,pre-construction,,2022,,,,,,unknown,,0.2322,-79.0135,exact,,Pedro Vicente Maldonado,,Pichincha,Latin America and the Caribbean,Americas,,,,,,,L601510,G601528,
2023-10-18,Ecuador,,Escudillas hydroelectric plant,Central Hidroeléctrica Escudillas,,12,No,12,0,,announced,,,,,,,,unknown,,0.3993,-77.9218,exact,,Pimampiro,,Imbabura,Latin America and the Caribbean,Americas,,,,,,,L601511,G601529,
2022-05-18,Ecuador,,Guangopolo hydroelectric plant,Central Hidroeléctrica Guangopolo,,21,No,21,0,,operating,,1937,,,,Empresa Eléctrica Quito SA (EEQ),,conventional storage,,-0.2615,-78.4543,exact,,Quito Canton,,Pichincha,Latin America and the Caribbean,Americas,,,,,,,L601512,G601530,
2022-05-18,Ecuador,,Hidronormandía hydroelectric plant,Central Hidroeléctrica Hidronormandía,Normandia,50,No,50,0,,operating,,2018,,,,Hidronormandía SA,,unknown,,-2.2257,-78.2701,exact,,Morona,,Morona Santiago,Latin America and the Caribbean,Americas,,,,,,,L601513,G601531,
2022-05-18,Ecuador,,Hidrosanbartolo hydroelectric plant,Central Hidroeléctrica Hidrosanbartolo,,50,No,50,0,,operating,,2015,,,,Hidrosanbartolo SA,,run-of-river,,-2.7489,-78.4135,exact,,Santiago de Méndez,,Morona Santiago,Latin America and the Caribbean,Americas,,,,,,,L601514,G601532,
2023-10-18,Ecuador,,Infiernillos hydroelectric plant,Central Hidroeléctrica Infiernillos,,20,No,20,0,,pre-construction,,,,,,,,unknown,,-3.5229,-79.2649,exact,,Saraguro,,Loja,Latin America and the Caribbean,Americas,,,,,,,L601515,G601533,
2023-10-18,Ecuador,,Intag hydroelectric plant,Central Hidroeléctrica Intag,,15,No,15,0,,pre-construction,,,,,,,,unknown,,0.0004,-78.5332,exact,,Quito Canton,,Pichincha,Latin America and the Caribbean,Americas,,,,,,,L601516,G604450,
2022-05-18,Ecuador,,Ipnegal hydroelectric plant,Central Hidroeléctrica Ipnegal,,10,No,10,0,,operating,,2018,,,,Hidroelectrica Palmira-Nanegal CEM Ipnegal,,unknown,,0.1831,-78.6926,exact,,Quito Canton,,Pichincha,Latin America and the Caribbean,Americas,,,,,,,L601517,G601535,
2023-10-18,Ecuador,,Jondachi-Sardinas hydroelectric plant,Central Hidroeléctrica Jondachi-Sardinas,,24,No,24,0,,pre-construction,,,,,,,,unknown,,-0.8022,-77.756,exact,,Archidona,,Napo,Latin America and the Caribbean,Americas,,,,,,,L601518,G604474,
2023-10-18,Ecuador,,Juval Pulpito hydroelectric plant,Central Hidroeléctrica Juval Pulpito,,27,No,27,0,,pre-construction,,,,,,,,unknown,,-2.5355,-78.5568,exact,,Alausí,,Chimborazo,Latin America and the Caribbean,Americas,,,,,,,L601519,G601537,
2023-10-18,Ecuador,,La Merced De Jondachi hydroelectric plant,Central Hidroeléctrica La Merced de Jondachi,,19,No,19,0,,pre-construction,,,,,,,,run-of-river,,-0.7462,-77.7888,exact,,Archidona,,Napo,Latin America and the Caribbean,Americas,,,,,,,L601520,G601538,
2022-05-18,Ecuador,,Manduriacu hydroelectric plant,Central Hidroeléctrica Manduriacu,,63,No,63,0,,operating,,2015,,,,Corporación Eléctrica del Ecuador (CELEC EP),,conventional storage,,0.2148,-78.9124,exact,,Quito Canton,,Pichincha,Latin America and the Caribbean,Americas,,,,,,,L601521,G601539,
2023-10-18,Ecuador,,Mira hydroelectric plant,Central Hidroeléctrica Mira,,41,No,41,0,,pre-construction,,,,,,,,unknown,,0.7121,-78.2041,exact,,Ibarra,,Imbabura,Latin America and the Caribbean,Americas,,,,,,,L601525,G604625,
2023-10-19,Ecuador,,Miravalle hydroelectric plant,Central Hidroeléctrica Miravalle,,50,No,50,0,,pre-construction,,,,,,,,unknown,,0.8224,-78.3433,approximate,,Mira,,Carchi,Latin America and the Caribbean,Americas,,,,,,,L601526,G604626,
2022-05-18,Ecuador,,Nayón hydroelectric plant,Central Hidroeléctrica Nayón,,30,No,30,0,,operating,,1974,,,,Empresa Eléctrica Quito SA (EEQ),,unknown,,-0.1637,-78.4128,exact,,Quito Canton,,Pichincha,Latin America and the Caribbean,Americas,,,,,,,L601528,G601546,
2022-05-18,Ecuador,,Ocaña I hydroelectric plant,Central Hidroeléctrica Ocaña I,,26,No,26,0,,operating,,2012,,,,Elecaustro SA,,unknown,,-2.5002,-79.2464,exact,,Cañar,,Cañar,Latin America and the Caribbean,Americas,,,,,,,L601529,G601547,
2023-10-19,Ecuador,,Ocaña II hydroelectric plant,Central Hidroeléctrica Ocaña II,,29,No,29,0,,pre-construction,,,,,,Elecaustro SA,,unknown,,-2.4988,-79.266,approximate,,La Troncal,,Cañar,Latin America and the Caribbean,Americas,,,,,,,L601530,G601548,
2023-10-18,Ecuador,,Pamplona hydroelectric plant,Central Hidroeléctrica Pamplona,,40,No,40,0,,announced,,,,,,,,unknown,,0.2782,-78.584,exact,,Cotacachi,,Imbabura,Latin America and the Caribbean,Americas,,,,,,,L601531,G601549,
2023-10-19,Ecuador,,Pastaza 1 Simón Bolívar hydroelectric plant,Central Hidroeléctrica Pastaza 1 Simón Bolívar,,40,No,40,0,,pre-construction,,,,,,,,unknown,,-1.9129,-77.8252,approximate,,Pastaza,,Pastaza,Latin America and the Caribbean,Americas,,,,,,,L601532,G604712,
2023-10-19,Ecuador,,Pastaza 2 Kumay hydroelectric plant,Central Hidroeléctrica Pastaza 2 Kumay,,40,No,40,0,,pre-construction,,,,,,,,unknown,,-2.0298,-77.6897,approximate,,Taisha,,Morona Santiago,Latin America and the Caribbean,Americas,,,,,,,L601533,G604713,
2022-05-18,Ecuador,,Pilaton-Sarapullo hydroelectric plant,Central Hidroeléctrica Pilaton-Sarapullo,,48,No,48,0,,operating,,2022,,Corporación Eléctrica del Ecuador (CELEC EP),,Corporación Eléctrica del Ecuador (CELEC EP),,unknown,,-0.3677,-78.915,exact,Manuel Cornejo Astorga (Tandapi),Machachi,,Pichincha,Latin America and the Caribbean,Americas,,,,,,,L601535,G601553,
2022-05-18,Ecuador,,Pucará hydroelectric plant (Ecuador),Central Hidroeléctrica Pucará,,73,No,73,0,,operating,,1977,,,,Corporación Eléctrica del Ecuador (CELEC EP),,conventional storage,,-1.0793,-78.4552,exact,,Santiago de Pillaro,,Tungurahua,Latin America and the Caribbean,Americas,,,,,,,L601536,G601554,
2022-05-18,Ecuador,,Pusuno hydroelectric plant,Central Hidroeléctrica Pusuno,,38,No,38,0,,operating,,2019,,,,ElitEnergy,,unknown,,-1.0071,-77.6017,exact,,Tena,,Napo,Latin America and the Caribbean,Americas,,,,,,,L601537,G601555,
2023-10-19,Ecuador,,Quijos hydroelectric plant,Central Hidroeléctrica Quijos,,51,No,51,0,,pre-construction,,,,Corporación Eléctrica del Ecuador (CELEC EP),,,,run-of-river,Río Papallacta y Río Quijos,-0.4367,-77.9707,exact,,Quijos,,Napo,Latin America and the Caribbean,Americas,,,,,,,L601538,G601556,
2023-10-18,Ecuador,,Rayo I hydroelectric plant,Central Hidroeléctrica Rayo I,,10,No,10,0,,pre-construction,,,,,,,,unknown,,-0.5428,-79.1134,exact,,Valencia,,Los Ríos,Latin America and the Caribbean,Americas,,,,,,,L601539,G601557,
2022-05-18,Ecuador,,Recuperadora hydroelectric plant,Central Hidroeléctrica Recuperadora,,15,No,15,0,,operating,,1990,,,,Empresa Pública Metropolitana de Agua Potable y Saneamiento de Quito (EPMAPS),,unknown,,-0.2641,-78.2844,approximate,,Quito Canton,,Pichincha,Latin America and the Caribbean,Americas,,,,,,,L601540,G601558,
2022-05-18,Ecuador,,Rio Verde Chico hydroelectric plant,Central Hidroeléctrica Rio Verde Chico,,10,No,10,0,,operating,,2019,,,,Hidrosierra SA,,unknown,,-1.3704,-78.4042,exact,Baños de Agua Santa,Baños,,Tungurahua,Latin America and the Caribbean,Americas,,,,,,,L601541,G601559,
2022-05-18,Ecuador,,Saucay hydroelectric plant,Central Hidroeléctrica Saucay,,24,No,24,0,,operating,,1978,,,,Elecaustro SA,,unknown,,-2.7549,-79.0131,exact,Cuenca,,,Azuay,Latin America and the Caribbean,Americas,,,,,,,L601544,G601562,
2022-05-18,Ecuador,,Saymirín hydroelectric plant,Central Hidroeléctrica Saymirín,,16,No,16,0,,operating,,1956,,,,Elecaustro SA,,unknown,,-2.8003,-79.0076,exact,Cuenca,,,Azuay,Latin America and the Caribbean,Americas,,,,,,,L601545,G601563,
2022-05-18,Ecuador,,Sibimbe hydroelectric plant,Central Hidroeléctrica Sibimbe,,15,No,15,0,,operating,,2006,,,,Hidrosibimbe SA,,run-of-river,,-1.4377,-79.3774,exact,,Ventanas,,Los Ríos,Latin America and the Caribbean,Americas,,,,,,,L601546,G601564,
2022-05-18,Ecuador,,Sigchos hydroelectric plant,Central Hidroeléctrica Sigchos,,19,No,19,0,,operating,,2017,,,,Hidrosigchos SA,,unknown,,-0.6482,-78.9095,exact,,Sigchos,,Cotopaxi,Latin America and the Caribbean,Americas,,,,,,,L601547,G601565,
2022-05-18,Ecuador,,Topo hydroelectric plant,Central Hidroeléctrica Topo,,29,No,29,0,,operating,,2017,,,,Proyectos Energéticos Ecuagesa SA,,unknown,,-1.3706,-78.2125,exact,,Baños,,Tungurahua,Latin America and the Caribbean,Americas,,,,,,,L601552,G601570,
2023-10-19,Ecuador,,Upano hydroelectric plant,Central Hidroeléctrica Upano,,20,No,20,0,,pre-construction,,,,,,,,unknown,,-2.3801,-78.1501,approximate,,Morona,,Morona Santiago,Latin America and the Caribbean,Americas,,,,,,,L601554,G604905,
2023-10-19,Ecuador,,Valladolid hydroelectric plant,Central Hidroeléctrica Valladolid,,22,No,22,0,,pre-construction,,,,,,,,unknown,,-4.5486,-79.1303,exact,,Palanda,,Zamora Chinchipe,Latin America and the Caribbean,Americas,,,,,,,L601555,G601573,
2022-05-18,Ecuador,,Victoria hydroelectric plant (Ecuador),Central Hidroeléctrica Victoria,,10,No,10,0,,operating,,2016,,,,Hidrovictoria SA,,unknown,,-0.4167,-78.0242,exact,,Quijos,,Napo,Latin America and the Caribbean,Americas,,,,,,,L601556,G601574,
2023-10-19,Ecuador,,Yanuncay hydroelectric plant,Central Hidroeléctrica Yanuncay,,15,No,15,0,,shelved,,,,,,Elecaustro SA,,unknown,,-2.9959,-79.2859,exact,Cuenca,,,Azuay,Latin America and the Caribbean,Americas,,,,,,,L601557,G604964,
2023-11-08,India,,Salki hydroelectric plant,,,70,No,70,0,,announced,,,,Odisha Hydro Power CORP LTD,,,,conventional storage,Salki River,20.5555,84.1875,exact,,Phulabani,Kandhamal,Odisha,Southern Asia,Asia,,,,,,,L602022,G602042,
2023-09-26,Morocco,,Imezdilfane hydroelectric plant,,,62,No,62,0,,announced,Khenifra Complex,2027,,Office National de L'Electricite de L'Eau Potable,المكتب الوطنى للكهرباء والماء الصالح للشرب,Office National de L'Electricite de L'Eau Potable,المكتب الوطنى للكهرباء والماء الصالح للشرب,unknown,Oum Er-Rbia River,32.9394,-5.6675,approximate,Khenifra,Oum Er-Rbia River Basin,Béni Mellal,Khénifra,Northern Africa,Africa,,,,,,,L604256,G604508,
2024-02-23,Morocco,,Tajemout hydroelectric plant,,,28,No,28,0,,announced,Khenifra Complex,2027,,Office National de L'Electricite de L'Eau Potable,المكتب الوطنى للكهرباء والماء الصالح للشرب,Office National de L'Electricite de L'Eau Potable,المكتب الوطنى للكهرباء والماء الصالح للشرب,unknown,Oum Er-Rbia River,32.9394,-5.6675,approximate,Khenifra,Oum Er-Rbia River Basin,Béni Mellal,Khénifra,Northern Africa,Africa,,,,,,,L604404,G604986,
2024-02-23,Morocco,,Taskdert hydroelectric plant,,,38,No,38,0,,announced,Khenifra Complex,2027,,Office National de L'Electricite de L'Eau Potable,المكتب الوطنى للكهرباء والماء الصالح للشرب,Office National de L'Electricite de L'Eau Potable,المكتب الوطنى للكهرباء والماء الصالح للشرب,unknown,Oum Er-Rbia River,32.9394,-5.6675,approximate,Khenifra,Oum Er-Rbia River Basin,Béni Mellal,Khénifra,Northern Africa,Africa,,,,,,,L604405,G604987,
2023-11-21,Nepal,,Aayu Chhatigad hydroelectric plant,,Aayu Chhati Gad hydroelectric plant,14,No,14,0,,announced,,,,,,Puwa Khola-1 Hydro Power PVT LTD,,unknown,,29.8201,80.8815,approximate,Apihimal Rural Municipality,Darchula District,Darchula District,Sudurpashchim Province,Southern Asia,Asia,,,,,,,L602572,G604196,
2023-11-21,Nepal,,Akhu Khola 2 hydroelectric plant,,Ankhu Khola,20,No,20,0,,pre-construction,,,,Ganesh Himal Hydropower PVT LTD,,,,run-of-river,Ankhu Khola River,28.0401,84.9626,approximate,Gumdi Village,Dhading District,Bagmati Zone,Bagmati Province,Southern Asia,Asia,,,,,,,L602574,G602605,
2023-11-21,Nepal,,Ankhu Khola hydroelectric plant,,,43,No,43,0,,pre-construction,,,,,,Ankhu Khola Hydropower CO LTD,,run-of-river,Ankhu Khola River,28.0917,84.9992,approximate,Gangajamuna Rural Municipality,Dhading District,Bagmati Zone,Bagmati Province,Southern Asia,Asia,,,,,,,L602575,G602606,
2023-11-21,Nepal,,Badigad Khola hydroelectric plant,,,25,No,25,0,,pre-construction,,2025,,Liberty Energy CO,,,,run-of-river,Badigad Khola River,28.2912,83.1786,approximate,Badigad Rural Municipality,Baglung District,Gandaki Zone,Gandaki Province,Southern Asia,Asia,,,,,,,L602578,G602609,
2022-12-15,Nepal,,Bagmati Nadi hydroelectric plant,,,22,No,22,0,,operating,,2019,,Sichuan Hechuan Investment CO LTD,,Mandu Hydropower CO LTD,,unknown,Bagmati Nadi River,27.5363,85.2341,exact,Ghushel,Lalitpur,,,Southern Asia,Asia,,,,,,,L602579,G602610,
2023-11-21,Nepal,,Bhotekoshi 1 hydroelectric plant,,,40,No,40,0,,pre-construction,,,,Shailung Power CO LTD,,,,unknown,Bhotekoshi River,27.8979,85.919,approximate,Phulping Katti Village,Sindhupalchok District,Bagmati Zone,Bagmati Province,Southern Asia,Asia,,,,,,,L602585,G602616,
2023-11-21,Nepal,,Botekoshi 5 hydroelectric plant,,"Bote Koshi 5, Bhotekoshi 5",62,No,62,0,2,pre-construction,,2028,,Kalika Energy,,,,run-of-river,Bhotekoshi River,27.789,85.8838,approximate,Ramche Village,Rasuwa District,Bagmati Zone,Bagmati Province,Southern Asia,Asia,,,,,,,L602586,G602617,
2023-11-21,Nepal,,Budum Khola hydroelectric plant,,Budum hydroelectric plant,15,No,15,0,,pre-construction,,,,Arun Valley Hydropower Development CO PVT LTD,,,,run-of-river,Budum Khola River,27.4865,86.8479,approximate,Mahakulung Rural Municipality,Solukhumbu District,Solukhumbu District,Province No. 1,Southern Asia,Asia,,,,,,,L602591,G602622,
2022-12-15,Nepal,,Chameliya Khola hydroelectric plant,,Chhetigad hydroelectric plant,30,No,30,0,2,operating,,2018,,Nepal Electricity Authority (NEA),,,,run-of-river,Chamaliya Nadi River,29.7103,80.6875,exact,Latinath,Darchula District (Nepal),,,Southern Asia,Asia,,,,,,,L602593,G602624,
2022-12-15,Nepal,,Chilime hydroelectric plant,,,22,No,22,0,2 x 11 MW,operating,,2003,,Nepal Electricity Authority (NEA),,Chilime Hydropower CO LTD (CHPCL),,run-of-river,Chilime Khola River,28.1577,85.3332,exact,,Rasuwa,,,Southern Asia,Asia,,,,,,,L602594,G602625,
2023-11-21,Nepal,,Chunchet Syar Khola hydroelectric plant,,,56,No,56,0,,pre-construction,,,,Chilime Hydropower CO LTD (CHPCL),,,,run-of-river,Syar Khola River,28.4576,84.9336,approximate,Chumchet Village,Gorkha District,Gandaki Zone,Gandaki Province,Southern Asia,Asia,,,,,,,L602595,G602626,
2022-12-15,Nepal,,Devighat hydroelectric plant,,,14,No,14,0,3,operating,,1984,,Nepal Electricity Authority (NEA),,,,run-of-river,Trishuli River,27.8884,85.1345,exact,Charghare,Nuwakot,,,Southern Asia,Asia,,,,,,,L602597,G602628,
2023-11-22,Nepal,,Dordi 1 hydroelectric plant,,,12,No,12,0,,operating,,2022,,,,Dordi Khola Jal Bidyut CO LTD,,run-of-river,Dordi Khola​ River,28.231,84.4511,exact,Dhodeni,Lamjung,,,Southern Asia,Asia,,,,,,,L602598,G604353,
2022-12-15,Nepal,,Dordi Khola hydroelectric plant,,,27,No,27,0,,operating,,2022,,Himalaya Power Partner PVT LTD,,,,run-of-river,Dordi River,28.1961,84.4542,approximate,Chiti Village,Besisahar Municipality,Lamjung District,Gandaki Province,Southern Asia,Asia,,,,,,,L602599,G602630,
2023-11-17,Nepal,,Dudh Khola hydroelectric plant,,,65,No,65,0,,pre-construction,,2024,,Sita Hydropower CO PVT LTD,,,,run-of-river,Dudh Khola River,28.5394,84.3771,approximate,Thoche Village,Manang District,Gandaki Zone,Gandaki Province,Southern Asia,Asia,,,,,,,L602600,G602631,
2023-11-17,Nepal,,Dudhkoshi 2 - Jaleswar hydroelectric plant,,,70,No,70,0,,construction,,2026,,,,Dudhkoshi Hydropower Nepal PVT LTD,,conventional storage,,27.3603,86.6667,approximate,Necha Bedghari Village,Solukhumbu District,Sagarmatha Zone,Province No. 1,Southern Asia,Asia,,,,,,,L602601,G604356,
2023-11-17,Nepal,,Dudhkunda Khola hydroelectric plant,,Dudh Khola,12,No,12,0,,construction,,,,Mount Everest Power Development LTD,,,,run-of-river,Solu Khola River,27.6021,86.6056,approximate,Ringmo Village,Dolpo Region,Dolpa District,Karnali Province,Southern Asia,Asia,,,,,,,L602606,G604358,
2023-11-22,Nepal,,Durbang Myagdi Khola hydroelectric plant,,,25,No,25,0,,construction,,,,Dhaulagiri Kalika Hydropower LTD,,,,unknown,Myagdi Khola River,28.4146,83.4069,approximate,Darwang Village,Myagdi District,Dhaulagiri Zone,Gandaki Province,Southern Asia,Asia,,,,,,,L602607,G602638,
2022-12-15,Nepal,,Gandak hydroelectric plant,,,15,No,15,0,3 x 5 MW,operating,,1979,,Nepal Electricity Authority (NEA),,,,run-of-river,Narayani (Sapta Gandaki) Nadi River,27.4257,83.7941,exact,Guthi Suryapura,Nawalparasi W,,,Southern Asia,Asia,,,,,,,L602608,G602639,
2023-11-22,Nepal,,Ghar Khola hydroelectric plant,,,14,No,14,0,2 x 7 MW,operating,,2023,,Myagdi Hydropower LTD,,,,run-of-river,Ghar Khola River,28.4674,83.6528,approximate,Shikha Village,Myagdi District,Dhaulagiri Zone,Gandaki Province,Southern Asia,Asia,,,,,,,L602609,G604393,
2022-12-15,Nepal,,Hewa Khola A hydroelectric plant,,,15,No,15,0,2,operating,,2017,,Panchthar Power CO LTD,,,,run-of-river,Hewa Khola River,27.1856,87.8285,exact,Bharapa,Panchthar,,,Southern Asia,Asia,,,,,,,L602611,G602642,
2023-11-22,Nepal,,Himchuli Dordi hydroelectric plant,,,57,No,57,0,,construction,,2027,,Peoples Hydropower Company Private LTD (PHCL),,,,run-of-river,Dordi River,28.3274,84.5792,approximate,Dordi Rural Municipality,Lamjung District,Gandaki Zone,Gandaki Province,Southern Asia,Asia,,,,,,,L602612,G602643,
2023-11-22,Nepal,,Ikhuwa Khola hydroelectric plant,,,36,No,36,0,,shelved,,,,Nepal Electricity Authority (NEA),,Upper Arun Hydroelectric LTD (UAHEL),,run-of-river,Ikhuwa Khola River,27.6001,87.3865,approximate,Phungling Municipality,Taplejung District,Taplejung District,Province No. 1,Southern Asia,Asia,,,,,,,L602614,G604443,
2023-11-22,Nepal,,Ilep Tatopani Khola hydroelectric plant,,,25,No,25,0,,construction,,,,Jalshakti Hydro CO PVT LTD,,,,run-of-river,,28.2146,85.0715,approximate,Rubi Valley Rural Municipality,Dhading District,Bagmati Zone,Bagmati Province,Southern Asia,Asia,,,,,,,L602615,G602646,
2023-11-22,Nepal,,Irkhuwa Khola B hydroelectric plant,,,16,No,16,0,,pre-construction,,,,Baraha Multipower PVT LTD,,,,unknown,Irkhuwa Khola River,27.4088,87.0817,approximate,Salpasilichho Rural Municipality,Bhojpur District,Bhojpur District,Province No. 1,Southern Asia,Asia,,,,,,,L602616,G602647,
2023-11-22,Nepal,,Isuwa Khola PRoR Cascade hydroelectric plant,,,38,No,38,0,,pre-construction,,,,,,Isuwa Energy PVT LTD,,run-of-river,,27.5426,87.2322,exact,Makalu,Sankhuwasabha,,,Southern Asia,Asia,,,,,,,L602618,G602649,
2023-11-22,Nepal,,Jaldigad hydroelectric plant,,,21,No,21,0,,pre-construction,,,,Shangrila Hydropower PVT LTD,,,,run-of-river,,28.8292,82.4569,approximate,Syalakhadi Village,Western Rukum District,Western Rukum District,Karnali Province,Southern Asia,Asia,,,,,,,L602620,G602651,
2022-12-15,Nepal,,Jhimruk Khola hydroelectric plant,,,12,No,12,0,3 x 4 MW,operating,,1994,,Butwal Power CO LTD,,,,run-of-river,Jhimruk River,28.2262,82.7026,exact,Mijhing,Rolpa,,,Southern Asia,Asia,,,,,,,L602621,G602652,
2023-11-22,Nepal,,Jum Khola hydroelectric plant,,,56,No,56,0,,pre-construction,,2025,,Sanima Hydropower,,Sanima Jum Hydropower LTD,,run-of-river,Jum River,27.9588,86.2315,approximate,Lamabagar Village,Dolakha District,Janakpur Zone,Bagmati Province,Southern Asia,Asia,,,,,,,L602622,G602653,
2023-11-22,Nepal,,Kabeli 3 hydroelectric plant,,,22,No,22,0,2,pre-construction,,,,Kabeli Energy LTD,,Kabeli Hydropower CO PVT LTD,,run-of-river,,27.3901,87.8697,approximate,Pedang Village,Taplejung District,Mechi Zone,Province No. 1,Southern Asia,Asia,,,,,,,L602623,G602654,
2022-12-15,Nepal,,Kabeli B1 hydroelectric plant,,,25,No,25,0,2 x 12.5 MW,operating,,2022,,Hydroelectricity Investment and Development CO LTD (HIDCL); Nepal Investment Bank; Nabil Bank; Machhapuchchre Bank; Prabhu Bank; Laxmi Bank; IME Bank,,Arun Kabeli Power LTD,,run-of-river,Kabeli Khola River,27.2801,87.8097,approximate,Pathibhara Yangwarak Rural Municipality,Taplejung District,Mechi Zone,Province No. 1,Southern Asia,Asia,,,,,,,L602624,G602655,
2023-11-22,Nepal,,Kalanga hydroelectric plant,,Kalanga Gad,15,No,15,0,,operating,Kalanga Complex,2023,,,,Kalanga Hydropower PVT LTD,,run-of-river,Kalanga Nadi River,29.5117,80.8764,exact,Banjh Village,Bajhang District,Seti Zone,Sudurpashchim Province,Southern Asia,Asia,,,,,,,L602625,G604485,
2023-11-22,Nepal,,Kaligandaki Upper hydroelectric plant,,,65,No,65,0,2 x 32.5 MW,announced,,2026,,Nepal Electricity Authority (NEA),,,,run-of-river,Kali Gandaki River,28.4047,83.5933,approximate,Ramche Village,Rasuwa District,Bagmati Zone,Bagmati Province,Southern Asia,Asia,,,,,,,L602631,G604490,
2023-11-27,Nepal,,Karuwa Seti hydroelectric plant,,,32,No,32,0,,pre-construction,,,,Jhayamolongma Hydro Power Development PVT LTD,,,,run-of-river,Seti Khola River,28.4086,83.9811,exact,Machhapuchhre,Kaski,,,Southern Asia,Asia,,,,,,,L602634,G602665,
2023-11-27,Nepal,,Kasuwa Khola hydroelectric plant,,,45,No,45,0,3 x 15.7 MW,construction,,,,CEDB Hydropower Development Company (CHDC),,Kasuwa Khola Hydropower LTD,,run-of-river,Kasuwa Khola River,27.6056,87.2828,approximate,Num Village,Sankhuwasabha District,Kosi Zone,Province No. 1,Southern Asia,Asia,,,,,,,L602635,G602666,
2023-11-27,Nepal,,Khani Khola - Dolakha hydroelectric plant,,,30,No,30,0,,construction,,,,Sasha Engineering Hydropower LTD,,,,unknown,Khani Khola River,27.7902,86.2885,exact,Marbu,Dolakha,,,Southern Asia,Asia,,,,,,,L602636,G602667,
2023-11-27,Nepal,,Khani Khola 1 hydroelectric plant,,,40,No,40,0,3,construction,,,,Green Life Hydropower LTD,,,,run-of-river,Khani Khola River,27.8189,86.3501,approximate,Gaurishankar Ward,Gaurishankar Rural Municipality,Dolakha District,Bagmati Province,Southern Asia,Asia,,,,,,,L602637,G602668,
2023-11-27,Nepal,,Khare hydroelectric plant,,,24,No,24,0,,construction,,,,Constorium Power Developers PVT LTD,,,,run-of-river,Khare Khola River,27.7801,86.2667,approximate,Gaurishankar Ward,Gaurishankar Rural Municipality,Bagmati Zone,Bagmati Province,Southern Asia,Asia,,,,,,,L602638,G604507,
2022-12-15,Nepal,,Khimti I hydroelectric plant,,Khimti hydroelectric plant,60,No,60,0,,operating,,2000,,SN Power [57.1%]; Bergenshalvoens Kommunale Kraftselskap [26%]; Butwal Power CO LTD [16.9%],,Himal Power LTD,,run-of-river,Khimti Khola River,27.4744,86.1011,approximate,Gelu Village,Ramechhap District,Janakpur Zone,Bagmati Province,Southern Asia,Asia,,,,,,,L602639,G602670,
2023-11-27,Nepal,,Khimti II hydroelectric plant,,Khimti 2 hydroelectric plant,49,No,49,0,3,construction,,,,Peoples Energy LTD,,,,run-of-river,Khimti River,27.5849,86.2237,exact,Rasanalu,Ramechhap,,,Southern Asia,Asia,,,,,,,L602640,G602671,
2022-12-15,Nepal,,Kule Khani III hydroelectric plant,,Kule Khani Third hydroelectric plant,14,No,14,0,2 x 7 MW,operating,,2019,,Nepal Electricity Authority (NEA),,,,run-of-river,Khani Khola River,27.4733,85.0402,exact,Bhaise,Makwanpur,,,Southern Asia,Asia,,,,,,,L602645,G602676,
2022-12-15,Nepal,,Kulekhani I hydroelectric plant,,Kulekhani hydroelectric plant,60,No,60,0,2 x 30 MW,operating,,1982,,Nepal Electricity Authority (NEA),,,,conventional storage,Kulekhani Khola River,27.5899,85.156,exact,Kulekhani,Makwanpur,,,Southern Asia,Asia,,,,,,,L602646,G602677,
2022-12-15,Nepal,,Kulekhani II hydroelectric plant,,,32,No,32,0,2 x 16 MW,operating,,1986,,Nepal Electricity Authority (NEA),,,,run-of-river,Kulekhani Khola River,27.5017,85.0422,approximate,Bhainse Village,Makwanpur District,Narayani Zone,Bagmati Province,Southern Asia,Asia,,,,,,,L602647,G602678,
2023-11-27,Nepal,,Kunaban Khola hydroelectric plant,,Kunban Khola,20,No,20,0,,pre-construction,,2026,,Sushmit Energy PVT LTD,,,,run-of-river,Kunaban River,28.6501,83.3722,approximate,Mudi Village,Myagdi District,Dhaulagiri Zone,Gandaki Province,Southern Asia,Asia,,,,,,,L602649,G602680,
2023-11-27,Nepal,,Likhu 2 hydroelectric plant,,Likhu II hydroelectric plant,55,No,55,0,,construction,,,,,,,,unknown,Likhu Khola River,27.5874,86.406,approximate,Kyama Village,Umakunda Rural Municipality,Ramechhap District,Bagmati Province,Southern Asia,Asia,,,,,,,L602654,G602685,
2022-12-15,Nepal,,Likhu 4 hydroelectric plant,,Likhu IV hydroelectric plant,52,No,52,0,2 x 26.2 MW,operating,,2021,,Bhilwara Energy LTD; Triveni Group,,Green Ventures LTD,,run-of-river,Likhu River,27.4444,86.2584,exact,Ragani,Okhaldhunga,,,Southern Asia,Asia,,,,,,,L602655,G602686,
2022-12-15,Nepal,,Likhu Khola A hydroelectric plant,,,51,No,51,0,,operating,,2022,,Numbur Himalaya Hydropower LTD,,,,unknown,Likhu Khola River,27.5528,86.3706,exact,Chaulakharka,Solukhumbu,,,Southern Asia,Asia,,,,,,,L602656,G602687,
2023-11-27,Nepal,,Liping Khola hydroelectric plant,,,16,No,16,0,2 x 8.13 MW,construction,,,,Him River Power PVT LTD,,,,run-of-river,Liping Khola River,27.9718,85.9578,exact,Tatopani,Sindhupalchowk,,,Southern Asia,Asia,,,,,,,L602657,G602688,
2022-12-15,Nepal,,Lower Hewa hydroelectric plant,,,22,No,22,0,,operating,,2013,,Mountain Hydro Nepal LTD,,,,run-of-river,Hewa Khola River,27.1601,87.7564,approximate,Phidim Municipality,Panchthar District,Panchthar District,Province No. 1,Southern Asia,Asia,,,,,,,L602661,G602692,
2023-11-29,Nepal,,Lower Irkhuwa Khola hydroelectric plant,,,14,No,14,0,2 x 7.075 MW,pre-construction,,,,National Hydropower CO LTD,,Lower Irkhuwa Hydropower LTD,,run-of-river,Arun River,27.4156,87.114,approximate,Nepaledanda Village,Bhojpur District,Kosi Zone,Province No. 1,Southern Asia,Asia,,,,,,,L602662,G602693,
2022-12-15,Nepal,,Lower Khare hydroelectric plant,,,11,No,11,0,2,operating,,2022,,Universal Power CO LTD,,,,run-of-river,Khare Khola River,27.756,86.2121,approximate,Gaurishankar Ward,Gaurishankar Rural Municipality,Dolakha District,Bagmati Province,Southern Asia,Asia,,,,,,,L602663,G602694,
2023-11-27,Nepal,,Lower Likhu hydroelectric plant,,,28,No,28,0,3,operating,,2023,,Sanima Hydropower,,Swet Ganga Hydropower & Construction LTD (SGHCL),,run-of-river,Likhu River,27.3916,86.2266,exact,Bijulikot,Ramechhap,,,Southern Asia,Asia,,,,,,,L602664,G604570,
2022-12-15,Nepal,,Lower Modi 1 hydroelectric plant,,,10,No,10,0,,operating,,2013,,,,United Modi Hydropower LTD (UMHL),,run-of-river,Modi Khola River,28.2372,83.7115,exact,Kushma,Parbat,,,Southern Asia,Asia,,,,,,,L602666,G602697,
2022-12-15,Nepal,,Lower Modi Khola hydroelectric plant,,,20,No,20,0,2 x 10 MW,operating,,2018,,Hydro Solutions Group; KL Dugar Group; Murarka Group; Debenara Group,,Modi Energy LTD,,unknown,Modi Khola River,28.2106,84.0017,approximate,Kushma Village,Parbat District,Gandaki Zone,Gandaki Province,Southern Asia,Asia,,,,,,,L602667,G602698,
2023-11-29,Nepal,,Lower Nyadi hydroelectric plant,,,13,No,13,0,,pre-construction,,,,Hub Power PVT LTD,,,,run-of-river,Nyadi River,28.3188,84.4125,approximate,Marsyandi Rural Municipality,Lamjung District,Lamjung District,Gandaki Province,Southern Asia,Asia,,,,,,,L602668,G602699,
2022-12-15,Nepal,,Madhya Marsyangdi hydroelectric plant,,Middle Marsyangdi hydroelectric plant,70,No,70,0,,operating,,2009,,Nepal Electricity Authority (NEA),,,,run-of-river,Marsyangdi River,28.2106,84.0017,approximate,Sundarbazar Municipality,Lamjung District,Gandaki Zone,Gandaki Province,Southern Asia,Asia,,,,,,,L602672,G602703,
2022-12-15,Nepal,,Madkyu Khola hydroelectric plant,मड्क्यु खोला जलविद्युत आयोजना,,13,No,13,0,2,operating,,2018,,Silkes Hydropower PVT LTD,,,,run-of-river,Madkyu Khola River,28.3681,84.1356,approximate,Namarjung Village,Kaski District,Gandaki Zone,Gandaki Province,Southern Asia,Asia,,,,,,,L604095,G604584,
2023-11-30,Nepal,,Madme Khola hydroelectric plant,,,24,No,24,0,,construction,,2024,,Eastern Hydropower LTD,,Madme Khola Hydropower PLC LTD,,run-of-river,Madme Khola River,28.4319,84.1356,approximate,Namarjung Village,Kaski District,Gandaki Zone,Gandaki Province,Southern Asia,Asia,,,,,,,L602675,G604585,
2022-12-15,Nepal,,Mai hydroelectric plant,,Sanima Mai hydroelectric plant,22,No,22,0,,operating,,2015,,,,Sanima Mai Hydropower LTD,,run-of-river,Mai Khola River,26.7924,87.8784,exact,Danaban,Ilam,,,Southern Asia,Asia,,,,,,,L602676,G602707,
2022-12-15,Nepal,,Marsyangd hydroelectric plant,,Marsyangdi hydroelectric plant,69,No,69,0,3 x 23 MW,operating,,1989,,Nepal Electricity Authority (NEA),,,,run-of-river,Marsyangdi River,27.9278,84.4977,exact,,Gorkha,,,Southern Asia,Asia,,,,,,,L602678,G602709,
2023-11-27,Nepal,,Marsyangdi Besi hydroelectric plant,,,50,No,50,0,2 x 25 MW,construction,,,,China Chongqing Online Herbal CO LTD,,Divyajyoti Hydropower PVT LTD,,unknown,Marsyangdi River,28.2333,84.3826,approximate,Besisahar Municipality,Lamjung District,Gandaki Zone,Gandaki Province,Southern Asia,Asia,,,,,,,L602679,G602710,
2023-12-01,Nepal,,Mathillo Kabeli hydroelectric plant,,,28,No,28,0,,pre-construction,,,,Peace Energy CO PVT LTD,,,,run-of-river,Kabeli Khola River,26.6592,87.7001,approximate,Phungling Municipality,Taplejung District,Taplejung District,Province No. 1,Southern Asia,Asia,,,,,,,L602681,G602712,
2023-12-01,Nepal,,Mathillo Thulo Khola A hydroelectric plant,,,15,No,15,0,,pre-construction,,,,,,Thulo Khola Hydropower PVT LTD,,unknown,Thulo Khola River,28.3841,84.0363,approximate,Raghuganga Rural Municipality,Myagdi District,Myagdi District,Gandaki Province,Southern Asia,Asia,,,,,,,L602682,G602713,
2023-12-01,Nepal,,Maya Khola hydroelectric plant,मायाखोला पावर हाउस,,15,No,15,0,,operating,,2023,,Khanikhola Hydropower CO LTD; Pashupati Energy Development CO,,Maya Khola Hydropower CO LTD,,run-of-river,Maya Khola River,27.2575,87.3065,exact,Mamling Village,Sankhuwasabha District,Kosi Zone,Province No. 1,Southern Asia,Asia,,,,,,,L602683,G604609,
2023-11-27,Nepal,,Mewa Khola hydroelectric plant,,,23,No,23,0,2,construction,,,,Union Hydropower LTD,,Union Mewa Hydro LTD,,run-of-river,Mewa Khola River,27.5721,87.6019,approximate,Mikkwakhola Rural Municipality,Taplejung District,Mechi Zone,Province No. 1,Southern Asia,Asia,,,,,,,L602684,G602715,
2023-12-01,Nepal,,Mewa Khola hydroelectric plant,,,50,No,50,0,,pre-construction,,,,,,United Mewa Khola Hydropower PVT LTD,,run-of-river,Mewa Khola River,27.425,87.616,approximate,Mikkwakhola Village,Taplejung District,Mechi Zone,Province No. 1,Southern Asia,Asia,,,,,,,L602684,G602716,
2023-12-01,Nepal,,Mid Hongu Khola A hydroelectric plant,,Middle Hongukhola A hydroelectric plant; Madhya Hongu Khola A hydroelectric plant,22,No,22,0,,shelved,,,,Synergy Power Development LTD,,Apex Makalu Hydropower LTD,,run-of-river,Hongu Khola River,27.5249,86.8774,approximate,Gudel Village,Solukhumbu District,Sagarmatha Zone,Province No. 1,Southern Asia,Asia,,,,,,,L602685,G604622,
2023-12-01,Nepal,,Middle Chameliya hydroelectric plant,,Mid Chameliya hydroelectric plant,35,No,35,0,,pre-construction,,,,Darchula Power PVT LTD,,,,unknown,,29.7418,80.7603,approximate,Marma Rural Municipality,Darchula District,Darchula District,Sudurpashchim Province,Southern Asia,Asia,,,,,,,L602686,G602718,
2023-11-27,Nepal,,Middle Hongu Khola B hydroelectric plant,,,23,No,23,0,2,construction,,2025,,Gaurishankar Power Development PVT LTD,,,,run-of-river,Hongu River,27.5001,86.8333,approximate,Gudel Village,Solukhumbu District,Sagarmatha Zone,Province No. 1,Southern Asia,Asia,,,,,,,L602687,G602719,
2023-12-01,Nepal,,Middle Kaligandaki hydroelectric plant,,,54,No,54,0,2 x 26.8 MW,pre-construction,,,,Hydro Support PVT LTD,,,,run-of-river,Kali Gandaki River,28.5014,83.6501,approximate,Tatopani Village,Sindhupalchok District,Bagmati Zone,Bagmati Province,Southern Asia,Asia,,,,,,,L602688,G602720,
2023-11-28,Nepal,,Middle Mewa hydroelectric plant,,,74,No,74,0,,construction,,,,,,Mewa Developers PVT LTD,,run-of-river,Mewa Khola River,27.4779,87.6229,approximate,Mikkwakhola Rural Municipality,Taplejung District,Mechi Zone,Province No. 1,Southern Asia,Asia,,,,,,,L602689,G602721,
2022-12-15,Nepal,,Middle Modi hydroelectric plant,,,18,No,18,0,,operating,,2022,,Chaudhary Group Nepal; Nepal Jalabidhyut Parbardan tatha Bikas LTD,,Middle Modi Hydropower LTD,,run-of-river,Modi Khola River,27.4841,83.276,approximate,Kerunga Town,Arghakhanchi District,Lumbini Zone,Lumbini Province,Southern Asia,Asia,,,,,,,L602690,G602722,
2023-11-28,Nepal,,Middle Tamor hydroelectric plant,,,73,No,73,0,4 x 18.25 MW,construction,,2024,,Sanima Hydropower,,Sanima Middle Tamor Hydropower LTD,,run-of-river,Tamor River,27.416,87.4063,approximate,Phungling Municipality,Taplejung District,Eastern Development Region,Province No. 1,Southern Asia,Asia,,,,,,,L602691,G602723,
2023-12-01,Nepal,,Midim 1 hydroelectric plant,,,13,No,13,0,,pre-construction,,,,,,Mount Rasuwa Upper Mailung Hydropower PVT LTD,,run-of-river,,28.2674,84.275,approximate,Kwhlosothar Rural Municipality,Lamjung District,Gandaki Zone,Gandaki Province,Southern Asia,Asia,,,,,,,L602692,G602724,
2023-11-28,Nepal,,Mistri Khola 2 hydroelectric plant,,,12,No,12,0,,construction,,,,Mountain Energy Nepal LTD,,,,unknown,,28.4946,83.6553,approximate,Shikha Village,Myagdi District,Dhaulagiri Zone,Gandaki Province,Southern Asia,Asia,,,,,,,L602693,G602725,
2022-12-15,Nepal,,Mistri Khola hydroelectric plant,,,42,No,42,0,3 x 14 MW,operating,,2022,,Mountain Energy Nepal LTD,,,,run-of-river,Kaligandaki River,28.5057,83.6592,exact,,Myagdi,,,Southern Asia,Asia,,,,,,,L602694,G602726,
2022-12-15,Nepal,,Modi Khola hydroelectric plant,,,15,No,15,0,2 x 7.4 MW,operating,,2000,,Nepal Electricity Authority (NEA),,,,run-of-river,Modi Khola River,28.2729,83.7419,exact,,Parbat,,,Southern Asia,Asia,,,,,,,L602695,G602727,
2022-12-15,Nepal,,Mristi Khola hydroelectric plant,,,42,No,42,0,,operating,,2021,,Mountain Energy Nepal LTD,,,,run-of-river,Mristi Khola River,28.5057,83.6596,exact,,Myagdi,,,Southern Asia,Asia,,,,,,,L602696,G602728,
2023-12-01,Nepal,,Mudi Khola hydroelectric plant,,,15,No,15,0,,construction,,,,Everest Energy and Infrastructure Fund PVT LTD,,,,run-of-river,Mudi Khola River,28.3841,84.0363,approximate,Mudi Village,Myagdi District,Dhaulagiri Zone,Gandaki Province,Southern Asia,Asia,,,,,,,L602697,G604640,
2023-11-28,Nepal,,Myagdi Khola hydroelectric plant,,,57,No,57,0,3,construction,,,,Hydro Village PLC LTD [40%]; Serba Dinamik International LTD [40%]; Hydroelectricity Investment and Development CO LTD (HIDCL) [20%],,Hydro Village PLC LTD,,run-of-river,Myagdi Khola River,28.601,83.3903,approximate,Mudi Village,Myagdi District,Dhaulagiri Zone,Gandaki Province,Southern Asia,Asia,,,,,,,L602700,G602732,
2022-12-15,Nepal,,Namarjun Madi hydroelectric plant,,,12,No,12,0,2 x 6 MW,operating,,2021,,Himalayan Hydropower PVT LTD,,,,run-of-river,Madi River,28.3004,84.0912,exact,,Kaski,,,Southern Asia,Asia,,,,,,,L602702,G602734,
2023-11-28,Nepal,,Nilgiri Khola 2 hydroelectric plant,,Nilgiri Khola II,71,No,71,0,,construction,Nilgiri Khola Complex,,,,,Nilgiri Khola Hydropower CO PVT LTD,,run-of-river,Nilgiri Khola River,28.2127,83.9812,approximate,Ward 4,Annapurna Rural Municipality,Kaski District,Gandaki Province,Southern Asia,Asia,,,,,,,L602705,G602737,
2023-11-28,Nepal,,Nilgiri Khola hydroelectric plant,,,38,No,38,0,,construction,Nilgiri Khola Complex,,,,,Nilgiri Khola Hydropower CO,,run-of-river,Nilgiri Khola River,28.5776,83.6921,exact,,Myagdi,,,Southern Asia,Asia,,,,,,,L602706,G602738,
2023-11-28,Nepal,,Nupche Likhu hydroelectric plant,,,58,No,58,0,3,construction,,,,Vision Energy & Power PVT LTD,,,,run-of-river,Nupche River,27.6848,86.4701,exact,,Ramechhap,,,Southern Asia,Asia,,,,,,,L602707,G602739,
2022-12-15,Nepal,,Nyadi Khola hydroelectric plant,,Nyadi hydroelectric plant,30,No,30,0,2 x 15 MW,operating,,2022,,Butwal Power CO LTD [98.18%]; Lamjung Electricity Development CO LTD [1.81%],,Nyadi Hydropower LTD,,run-of-river,Ngadi River,28.3296,84.4212,exact,Bahundada,Lamjung,,,Southern Asia,Asia,,,,,,,L602708,G602740,
2023-12-01,Nepal,,Nyadi Phidi hydroelectric plant,,,21,No,21,0,,construction,,,,North Summit Hydro PVT LTD,,,,run-of-river,"Nyadi River, Phidi River",28.2106,84.0017,approximate,Marsyandi Rural Municipality,Lamjung District,Gandaki Zone,Gandaki Province,Southern Asia,Asia,,,,,,,L602709,G604678,
2023-12-01,Nepal,,Nyasim hydroelectric plant,,,35,No,35,0,,pre-construction,,,,Sita Hydropower CO PVT LTD,,,,unknown,Nyasem Khola River,27.975,85.8083,approximate,Golche Ward,Jugal Rural Municipality,Sindhupalchok District,Bagmati Province,Southern Asia,Asia,,,,,,,L602710,G602742,
2023-12-01,Nepal,,Palun Khola Small hydroelectric plant,,,21,No,21,0,,pre-construction,,,,,,Palunkhola Hydropower PVT LTD,,unknown,Palun River,27.5546,87.6325,approximate,Papung Village,Taplejung District,Taplejung District,Province No. 1,Southern Asia,Asia,,,,,,,L602711,G602743,
2023-11-28,Nepal,,Phalakhu Khola hydroelectric plant,,,15,No,15,0,,construction,,,,Betrawati Hydroelectric CO LTD,,,,unknown,Phalakhu Khola River,28.0201,85.2931,approximate,Chhap Village,Nuwakot District,Bagmati Zone,Bagmati Province,Southern Asia,Asia,,,,,,,L602712,G602744,
2023-11-28,Nepal,,Rahughat hydroelectric plant,,,40,No,40,0,,construction,,,,Nepal Electricity Authority (NEA),,Raghuganga Hydropower LTD (RGHPL),,unknown,Rahughat River,28.3765,83.5724,exact,Piple,Myagdi,,,Southern Asia,Asia,,,,,,,L602714,G602746,
2023-11-28,Nepal,,Rahughat Mangale hydroelectric plant,,,37,No,37,0,,construction,,,,Tundi Power CO PVT LTD,,,,unknown,Raughat Khola River,28.5028,83.5128,approximate,Chimkhola Village,Myagdi District,Gandaki Zone,Gandaki Province,Southern Asia,Asia,,,,,,,L602715,G602747,
2023-11-28,Nepal,,Ruru Banchu 1 hydroelectric plant,,,16,No,16,0,,construction,,2025,,Mount Nilgiri Hydropower CO PVT LTD,,Ruru Bangchu Khola,,unknown,,29.1012,81.7832,approximate,Chilkhaya Village,Kalikot District,Karnali Zone,Karnali province,Southern Asia,Asia,,,,,,,L602719,G602751,
2023-12-01,Nepal,,Ruru Banchu Khola 2 hydroelectric plant,,,12,No,12,0,,pre-construction,,2025,,,,,,unknown,Ruru Bangchu Khola River,29.1039,81.754,approximate,Chilkhaya Village,Kalikot District,Karnali Zone,Karnali province,Southern Asia,Asia,,,,,,,L602720,G602752,
2023-11-28,Nepal,,Sabha Khola B hydroelectric plant,,,15,No,15,0,2 x 7.55 MW,construction,,,,Orbit Energy PVT LTD,,,,run-of-river,Sabha Khola River,27.4297,87.3533,approximate,Savapokhari Rural Municipality,Sankhuwasabha District,Sankhuwasabha District,Province No. 1,Southern Asia,Asia,,,,,,,L602721,G602753,
2023-11-28,Nepal,,Sagu Khola hydroelectric plant,,,20,No,20,0,,construction,,,,Himalayan Hydropower PVT LTD,,,,run-of-river,Sagu Khola River,27.8093,86.1076,approximate,Bigu Rural Municipality,Dolakha District,Bagmati Zone,Bagmati Province,Southern Asia,Asia,,,,,,,L602722,G602754,
2023-11-28,Nepal,,Sanjen hydroelectric plant,,,43,No,43,0,,construction,,,,Chilime Hydropower CO LTD (CHPCL),,Sanjen Jalavidhyut CO LTD (SJCL),,unknown,Sanjen Khola River,28.2001,85.2896,approximate,Chilime Village,Rasuwa District,Bagmati Zone,Bagmati Province,Southern Asia,Asia,,,,,,,L602723,G602755,
2023-12-01,Nepal,,Seti Khola hydroelectric plant,,Seti River hydroelectric plant,25,No,25,0,,construction,,,,Vision Lumbini LTD,,,,run-of-river,Seti River,28.3406,83.9646,approximate,Sardikhola Town,Kaski District,Gandaki Zone,Gandaki Province,Southern Asia,Asia,,,,,,,L602727,G604795,
2023-12-04,Nepal,,Setikhola hydroelectric plant,,,22,No,22,0,,pre-construction,,2024,,,,Setikhola Hydropower PVT LTD,,run-of-river,Seti Khola River,28.1118,84.081,approximate,Thulo Pakhar Village,Sindhupalchok District,Bagmati Zone,Bagmati Province,Southern Asia,Asia,,,,,,,L602730,G602762,
2023-12-04,Nepal,,Simbuwa Khola hydroelectric plant,,Simbua River,70,No,70,0,,pre-construction,,2027,,Hydroelectricity Investment and Development CO LTD (HIDCL),,Simbuwa Remit Hydro,,run-of-river,Simbuwa Khola River,27.5117,87.8608,exact,Tapethok,Taplejung,,,Southern Asia,Asia,,,,,,,L602732,G602764,
2022-12-15,Nepal,,Singati Khola hydroelectric plant,,,25,No,25,0,,operating,,2021,,,,Singati Hydro Energy PVT LTD,,run-of-river,Singati River,27.7874,86.119,exact,Laduk,Dolakha,,,Southern Asia,Asia,,,,,,,L602733,G602765,
2022-12-15,Nepal,,Sipring Khola hydroelectric plant,,,10,No,10,0,,operating,,2013,,Synergy Power Development LTD,,,,run-of-river,Sipring River,27.8252,86.229,exact,,Dolakha,,,Southern Asia,Asia,,,,,,,L602734,G602766,
2022-12-15,Nepal,,Solu hydroelectric plant,,Solu Khola hydroelectric plant,24,No,24,0,2,operating,,2020,,,,Upper Solu Hydroelectric CO PVT LTD,,run-of-river,Solu Khola River,27.4625,86.5758,approximate,Garma Village,Solukhumbu District,Sagarmatha Zone,Province No. 1,Southern Asia,Asia,,,,,,,L602735,G602767,
2022-12-15,Nepal,,Sun Koshi hydroelectric plant,,Sunkoshi hydroelectric plant,11,No,11,0,,operating,,1973,,Nepal Electricity Authority (NEA),,,,run-of-river,Sun Koshi River,27.7538,85.8384,exact,Pagretar,Sindhupalchowk,,,Southern Asia,Asia,,,,,,,L602737,G602769,
2023-12-04,Nepal,,Sunigad hydroelectric plant,,,11,No,11,0,,construction,,,,Omega Energy Developers PVT LTD,,,,run-of-river,Suni Gad River,29.6347,81.2169,approximate,Talkot Rural Municipality,Bajhang District,Bajhang District,Sudurpashchim Province,Southern Asia,Asia,,,,,,,L602738,G604838,
2023-12-04,Nepal,,Super Aankhu Khola hydroelectric plant,,,24,No,24,0,,construction,,,,Gorakshya Hydropower PVT LTD,,,,run-of-river,"Tatopani Khola River, Menchet Khola River",28.1667,85.0489,approximate,Rubi Valley Rural Municipality,Dhading District,Bagmati Zone,Bagmati Province,Southern Asia,Asia,,,,,,,L602741,G604842,
2023-12-04,Nepal,,Super Budhigandaki hydroelectric plant,,,34,No,34,0,,announced,,,,,,Natural Hydro Nepal PVT LTD,,run-of-river,Budhigandaki River,28.5708,84.7236,approximate,Lho Village,Gorkha District,Gandaki Zone,Gandaki Province,Southern Asia,Asia,,,,,,,L602742,G604843,
2023-11-28,Nepal,,Super Dordi hydroelectric plant,,Super Dordi B hydroelectric plant; Super Dordi Kha hydroelectric plant,54,No,54,0,,operating,,2023,,Peoples Hydropower CO LTD,,,,run-of-river,Dordi Khola River,28.2921,84.5431,exact,Faleni,Lamjung,,,Southern Asia,Asia,,,,,,,L602743,G604844,
2023-12-04,Nepal,,Super Inkhu hydroelectric plant,,,24,No,24,0,,pre-construction,,,,Dordi Khola Jalvidyut CO LTD,,,,unknown,,27.6119,86.7956,approximate,Chaurikharka Village,Solukhumbu District,Sagarmatha Zone,Province No. 1,Southern Asia,Asia,,,,,,,L602745,G602777,
2023-12-04,Nepal,,Super Kabeli Khola A hydroelectric plant,,,14,No,14,0,,construction,,,,Snow River PVT LTD,,,,run-of-river,Kabeli Khola River,27.4625,87.9454,approximate,Yamphudin Village,Taplejung District,Taplejung District,Province No. 1,Southern Asia,Asia,,,,,,,L602746,G604846,
2023-12-04,Nepal,,Super Kabeli Khola hydroelectric plant,,,12,No,12,0,,pre-construction,,,,Hilton Hydro Energy PVT LTD,,,,run-of-river,Kabeli Khola River,26.6592,87.7001,approximate,Yamphudin Village,Taplejung District,Taplejung District,Province No. 1,Southern Asia,Asia,,,,,,,L602747,G602779,
2023-11-28,Nepal,,Super Lower Bagmati hydroelectric plant,,,42,No,42,0,,construction,,2026,,,,Super Bagmati Hydropower PVT LTD,,run-of-river,Bagmati River,27.5361,85.233,exact,Ghushel,Lalitpur,,,Southern Asia,Asia,,,,,,,L602748,G602780,
2023-12-04,Nepal,,Super Madi hydroelectric plant,,,44,No,44,0,,operating,,2023,,CG Energy Infrastructure,,Super Madi Hydropower LTD,,run-of-river,Madi Khola River,28.339,84.111,approximate,Namarjung Village,Kaski District,Gandaki Zone,Gandaki Province,Southern Asia,Asia,,,,,,,L602749,G604847,
2023-11-28,Nepal,,Super Melamchi hydroelectric plant,,,24,No,24,0,,construction,,,,Milarepa Energy PVT LTD,,,,run-of-river,Melamchi Khola River,28.0032,85.5319,approximate,Helambu Village,Helambu Rural Municipality,Sindhupalchok District,Bagmati Province,Southern Asia,Asia,,,,,,,L602750,G602782,
2023-11-28,Nepal,,Super Nyadi hydroelectric plant,,,43,No,43,0,,construction,,2024,,Siuri Nyadi Power PVT LTD,,,,unknown,Nadi Khola River,28.3794,84.4771,approximate,Bahundanda Village,Lamjung District,Gandaki Zone,Gandaki Province,Southern Asia,Asia,,,,,,,L602751,G602783,
2023-12-04,Nepal,,Syar Khola hydroelectric plant,,Chumchet Syar Khola hydroelectric plant,56,No,56,0,,pre-construction,,,,Bigland Hydropower LTD,,,,run-of-river,Syar Khola River,28.4762,85.0035,approximate,Chumchet Village,Gorkha District,Gandaki Zone,Gandaki Province,Southern Asia,Asia,,,,,,,L602754,G602786,
2023-12-04,Nepal,,Tamakoshi 9 hydroelectric plant,,,24,No,24,0,,pre-construction,,,,Asian Hydropower PVT LTD,,,,run-of-river,Tamakoshi River,27.9557,86.216,approximate,Lamabagar Village,Dolakha District,Janakpur Zone,Bagmati Province,Southern Asia,Asia,,,,,,,L602757,G602789,
2023-12-04,Nepal,,Tamor Khola 5 hydroelectric plant,,,38,No,38,0,,pre-construction,,,,Riverside Hydro Energy Company,,,,run-of-river,,27.5212,87.7964,approximate,Lelep Village,Phaktanglung Rural Municipality,Taplejung District,Province No. 1,Southern Asia,Asia,,,,,,,L602758,G602790,
2022-12-15,Nepal,,Thapa Khola hydroelectric plant,,,11,No,11,0,2,operating,,2017,,Mount Kailash Energy CO LTD,,,,run-of-river,Thapa Khola River,28.7253,83.6301,approximate,Tukuche Village,Mustang District,Dhawalagiri Zone,Gandaki Province,Southern Asia,Asia,,,,,,,L602762,G602794,
2023-11-29,Nepal,,Thulo Khola hydroelectric plant,,,21,No,21,0,,construction,,,,Samyukta Urja PVT LTD,,,,unknown,Rahughat River,28.5619,83.5333,approximate,Chimkhola Village,Myagdi District,Myagdi District,Gandaki Province,Southern Asia,Asia,,,,,,,L602763,G602795,
2023-11-29,Nepal,,Tiplyang Kaligandaki hydroelectric plant,,,58,No,58,0,,pre-construction,,,,Himalayan Infrastructure Fund; Tiplyang Kaligandaki Hydropower,,,,run-of-river,Kali Gandaki River,28.4581,83.6242,approximate,Dowa Village,Myagdi District,Dhaulagiri Zone,Gandaki Province,Southern Asia,Asia,,,,,,,L602766,G604883,
2023-12-04,Nepal,,Tom Dogar - Budhi Gandaki hydroelectric plant,,,43,No,43,0,,announced,,,,,,Tom Dogar Hydro PVT LTD,,run-of-river,Budhi Gandaki River,28.499,84.8628,approximate,Bihi Village,Gorkha District,Gandaki Zone,Gandaki Province,Southern Asia,Asia,,,,,,,L602767,G604886,
2022-12-15,Nepal,,Trishuli hydroelectric plant,,,24,No,24,0,6 x 3.5 MW; 1 x 3 MW,operating,,1967,,Nepal Electricity Authority (NEA),,,,run-of-river,Trishuli River,27.9464,85.1661,exact,Gerkhu,Nuwakot,,,Southern Asia,Asia,,,,,,,L602769,G602801,
2023-11-30,Nepal,,Upper Ankhu Khola hydroelectric plant,,,38,No,38,0,,construction,,2025,,,,Dhading Ankhu Khola Hydro PVT LTD,,unknown,Ankhu Khola River,28.1417,85.0292,approximate,Jharlang Village,Rubi Valley Rural Municipality,Dhading District,Bagmati Province,Southern Asia,Asia,,,,,,,L602770,G604906,
2022-12-15,Nepal,,Upper Balephi A hydroelectric plant,,,36,No,36,0,,operating,,2022,,Balephi Hydropower CO,,,,run-of-river,Balephi River,27.9229,85.7764,approximate,Golche Ward,Jugal Rural Municipality,Sindhupalchok District,Bagmati Province,Southern Asia,Asia,,,,,,,L602772,G602804,
2023-11-30,Nepal,,Upper Balephi hydroelectric plant,,Upper Balefhi,46,No,46,0,,pre-construction,,,,,,Upper Balephi Hydropower LTD,,run-of-river,,27.6528,85.3933,approximate,Selang Ward,Jugal Rural Municipality,Sindhupalchok District,Bagmati Province,Southern Asia,Asia,,,,,,,L602773,G602805,
2022-12-15,Nepal,,Upper Bhote Koshi hydroelectric plant,,Upper Bhotekoshi hydroelectric plant,45,No,45,0,2,operating,,2001,,,,BhoteKoshi Hydroelectric Power CO PVT LTD,,run-of-river,Bhotekoshi River,27.9281,85.9344,exact,Phulpingkatti,Sindhupalchowk,,,Southern Asia,Asia,,,,,,,L602775,G602807,
2023-11-30,Nepal,,Upper Brahmayeni hydroelectric plant,,,15,No,15,0,,pre-construction,,,,Integrated Hydrofund Nepal PVT LTD,,,,run-of-river,Nyamya Masai Khola River,28.0856,85.7775,approximate,Golche Ward,Jugal Rural Municipality,Sindhupalchok District,Bagmati Province,Southern Asia,Asia,,,,,,,L602776,G602808,
2022-12-15,Nepal,,Upper Chaku A hydroelectric plant,,,22,No,22,0,,operating,,2021,,Shiva Sri Hydropower PVT LTD,,,,run-of-river,Chaku Khola River,27.8669,85.9508,approximate,Phulping Katti Village,Sindhupalchok District,Bagmati Zone,Bagmati Province,Southern Asia,Asia,,,,,,,L602777,G602809,
2023-11-29,Nepal,,Upper Chameliya hydroelectric plant,,,40,No,40,0,3 x 14 MW,operating,,2023,,API Power CO PVT LTD,,,,run-of-river,Chameliya River,29.7424,80.7818,exact,Latinath,Darchula District (Nepal),,,Southern Asia,Asia,,,,,,,L602778,G604907,
2022-12-15,Nepal,,Upper Dordi A hydroelectric plant,,,25,No,25,0,2 x 12.5 MW,operating,,2022,,Liberty Energy Hydropower PVT LTD,,,,run-of-river,Dordi Khola River,28.2495,84.4835,exact,Dhodeni,Lamjung,,,Southern Asia,Asia,,,,,,,L602779,G602811,
2023-11-30,Nepal,,Upper Irkhuwa hydroelectric plant,,,15,No,15,0,,pre-construction,,,,Aarati Power CO LTD,,,,unknown,Irkhuwa Khola River,27.3938,87.045,approximate,Salpasilichho Rural Municipality,Bhojpur District,Bhojpur District,Province No. 1,Southern Asia,Asia,,,,,,,L602780,G602812,
2023-11-30,Nepal,,Upper Kabeli hydroelectric plant,,,23,No,23,0,,shelved,,,,Peace Energy CO PVT LTD,,,,run-of-river,Kabeli Khola River,27.2928,87.8308,exact,Sinam,Taplejung,,,Southern Asia,Asia,,,,,,,L602782,G604911,
2023-11-27,Nepal,,Upper Kalangad hydroelectric plant,,Upper Kalanga Gad,38,No,38,0,,operating,Kalanga Complex,2023,,Sanigad Hydro Private LTD,,,,run-of-river,Kalanga Gad River,29.6093,80.9153,approximate,Bungal Municipality,Bajhang District,Bajhang District,Sudurpashchim Province,Southern Asia,Asia,,,,,,,L602783,G604912,
2022-12-15,Nepal,,Upper Khimti hydroelectric plant,,Upallo Khimti hydroelectric plant,12,No,12,0,,operating,,2022,,Himalaya Urja Bikas CO PVT LTD,,,,unknown,Khimti Khola River,27.6916,86.3496,exact,Chuchure,Ramechhap,,,Southern Asia,Asia,,,,,,,L602785,G602817,
2023-11-30,Nepal,,Upper Khudi hydroelectric plant,,,21,No,21,0,,construction,,,,,,Super Khudi Hydropower CO PVT LTD,,run-of-river,,28.335,84.3272,approximate,Ghanpokhara Village,Lamjung District,Gandaki Zone,Gandaki Province,Southern Asia,Asia,,,,,,,L602786,G604913,
2023-11-29,Nepal,,Upper Lapche Khola hydroelectric plant,,,52,No,52,0,3,construction,,2027,,Energy Ventures PVT LTD,,,,run-of-river,Lapche Khola River,28.0826,86.1707,approximate,Lamabagar Village,Dolakha District,Janakpur Zone,Bagmati Province,Southern Asia,Asia,,,,,,,L602787,G602819,
2023-11-30,Nepal,,Upper Madi 0 hydroelectric plant,,,43,No,43,0,,pre-construction,,2026,,Annapurna Power CO PVT LTD,,,,run-of-river,Madi River,28.3958,84.1083,approximate,Parche Village,Kaski District,Gandaki Zone,Gandaki Province,Southern Asia,Asia,,,,,,,L602788,G602820,
2022-12-15,Nepal,,Upper Madi hydroelectric plant,,,25,No,25,0,2 x 12.5 MW,operating,,2016,,China International Water & Electric,,Madi Power PTV LTD,,unknown,Madi Khola River,28.2663,84.0821,exact,,Kaski,,,Southern Asia,Asia,,,,,,,L602789,G602821,
2022-12-15,Nepal,,Upper Mai hydroelectric plant,अपर माइ जलविद्युत आयोजना,Panchakanya Mai hydroelectric plant,12,No,12,0,2 x 6 MW,operating,,2017,,Mai Valley Hydropower LTD,,Mai Valley Hydropower LTD,,run-of-river,Mai Khola River,26.9727,87.9636,exact,Pyang,Ilam,,,Southern Asia,Asia,,,,,,,L602790,G602822,
2023-11-30,Nepal,,Upper Mailun Khola hydroelectric plant,,,14,No,14,0,,construction,,,,,,,,unknown,Mailung Khola River,28.1161,85.2001,approximate,Uttargaya Rural Municipality,Rasuwa District,Rasuwa District,Bagmati Province,Southern Asia,Asia,,,,,,,L602791,G604915,
2023-11-30,Nepal,,Upper Maiwa hydroelectric plant,,,18,No,18,0,,pre-construction,,,,Jaya Kumar Limbu,,,,run-of-river,Maiwa Khola River,27.3856,87.535,approximate,Sanghu Village,Taplejung District,Taplejung District,Province No. 1,Southern Asia,Asia,,,,,,,L602792,G602824,
2022-12-15,Nepal,,Upper Marsyangdi A hydroelectric plant,,,50,No,50,0,2 x 25 MW,operating,,2016,,Sino Hydro Sagarmatha Power,,,,run-of-river,Marsyangdi River,28.3049,84.384,approximate,Khudi Village,Lamjung District,Gandaki Zone,Gandaki Province,Southern Asia,Asia,,,,,,,L602795,G602827,
2023-11-30,Nepal,,Upper Modi A hydroelectric plant,,,42,No,42,0,,construction,Upper Modi Complex,2025,,Hydroelectricity Investment and Development CO LTD (HIDCL),,,,unknown,,28.3675,83.8074,approximate,Ghandruk Village,Kaski District,Gandaki Zone,Gandaki Province,Southern Asia,Asia,,,,,,,L602796,G604916,
2023-11-30,Nepal,,Upper Modi Cascade hydroelectric plant,,,18,No,18,0,2 x 9.1 MW,construction,Upper Modi Complex,2025,,Nepal Electricity Authority (NEA),,Modi Jalvidyut,,run-of-river,Modi Khola River,28.3274,83.7849,approximate,Dangsing Village,Kaski District,Gandaki Zone,Gandaki Province,Southern Asia,Asia,,,,,,,L602797,G604917,
2023-11-29,Nepal,,Upper Myagdi hydroelectric plant,,,37,No,37,0,,construction,,,,Hydro Empire LTD,,,,unknown,Myagdi Khola River,28.5378,83.3764,approximate,Mudi Village,Myagdi District,Dhaulagiri Zone,Gandaki Province,Southern Asia,Asia,,,,,,,L602799,G602831,
2023-11-29,Nepal,,Upper Myagdi I hydroelectric plant,,,54,No,54,0,,construction,,,,,,Upper Myagdi Hydropower PVT LTD,,run-of-river,Myagdi River,28.4889,83.3653,approximate,Marang Village,Myagdi District,Dhaulagiri Zone,Gandaki Province,Southern Asia,Asia,,,,,,,L602800,G602832,
2023-11-30,Nepal,,Upper Nyasim Khola hydroelectric plant,,,43,No,43,0,3,construction,,,,Sindhu Jwala Hydropower CO LTD,,,,run-of-river,,28.0056,85.8278,approximate,Gloche Village,Sindhupalchok District,Bagmati Zone,Bagmati Province,Southern Asia,Asia,,,,,,,L602801,G604919,
2023-11-29,Nepal,,Upper Rahughat hydroelectric plant,,,48,No,48,0,,construction,,,,Tundi Power CO PVT LTD,,,,unknown,Rahughat River,28.3841,84.0363,approximate,Ward 7,Chimkhola Village,Myagdi District,Gandaki Province,Southern Asia,Asia,,,,,,,L602802,G602834,
2023-11-29,Nepal,,Upper Sanjen hydroelectric plant,,,15,No,15,0,,operating,,2023,,Chilime Hydropower CO LTD (CHPCL) [39%]; Nepal Electricity Authority (NEA) [10.36%]; DDC and 18 VDCs of Rasuwa District [1.28%],,Sanjen Jalavidhyut CO LTD (SJCL),,run-of-river,Sanjen Khola River,28.2341,85.2871,exact,,Rasuwa,,,Southern Asia,Asia,,,,,,,L602803,G604920,
2023-11-29,Nepal,,Upper Sankhuwa Khola hydroelectric plant,,,40,No,40,0,,pre-construction,,,,Happy Energy PVT LTD,,,,run-of-river,,27.5431,87.0451,approximate,Tamku Village,Sankhuwasabha District,Kosi Zone,Province No. 1,Southern Asia,Asia,,,,,,,L602804,G604921,
2023-11-29,Nepal,,Upper Seti 1 hydroelectric plant,,,13,No,13,0,,pre-construction,,2026,,Shrestha Energy Solution PVT LTD,,,,run-of-river,Seti Khola River,28.2127,83.9812,approximate,Ward No 2,Machhapuchchhre Rural Municipality,Kaski District,Gandaki Province,Southern Asia,Asia,,,,,,,L602805,G602837,
2023-11-29,Nepal,,Upper Seti hydroelectric plant,,,20,No,20,0,3 x 6.82 MW,pre-construction,,,,,,Upper Seti Hydro PVT LTD,,run-of-river,Seti River,28.4231,83.9904,approximate,Sardikhola Village,Kaski District,Gandaki Zone,Gandaki Province,Southern Asia,Asia,,,,,,,L602806,G602838,
2023-11-28,Nepal,,Upper Solu Khola hydroelectric plant,,,20,No,20,0,,operating,,2023,,Beni Hydropower Project,,,,run-of-river,,27.535,86.5814,approximate,Salleri Town,Solududhkunda Municipality,Solukhumbu District,Province No. 1,Southern Asia,Asia,,,,,,,L602807,G604923,
2023-11-30,Nepal,,Upper Tamor A hydroelectric plant,,,72,No,72,0,,pre-construction,,2026,,Union Hydropower Public LTD,,,,run-of-river,Tamor River,27.6819,87.7701,approximate,Olangchung Gola Village,Phaktanglung Rural Municipality,Taplejung District,Province No. 1,Southern Asia,Asia,,,,,,,L602809,G602841,
2022-12-15,Nepal,,Upper Trishuli 3A hydroelectric plant,,,60,No,60,0,,operating,,2019,,Nepal Electricity Authority (NEA),,,,run-of-river,Trishuli River,28.0258,85.1872,exact,,Rasuwa,,,Southern Asia,Asia,,,,,,,L602813,G602845,
2023-11-17,Nepal,,Upper Trishuli 3B hydroelectric plant,,,37,No,37,0,2 x 18.5 MW,construction,,,,Nepal Electricity Authority (NEA),,Trishuli Hydropower CO LTD,,run-of-river,Trishuli River,27.996,85.1836,exact,Manakamana,Nuwakot,,,Southern Asia,Asia,,,,,,,L602814,G602846,
2023-01-19,Pakistan,,Khan Khawar hydroelectric plant,,,72,No,72,0,2,operating,,2012,,Pakistan Water and Power Development Authority; China Three Gorges CORP (CTG),,,,conventional storage,Khan Khwar River,34.9028,72.8075,exact,,Shangla,Shangla District,Khyber Pakhtunkhwa,Southern Asia,Asia,,,,,,,L603028,G603061,
2023-10-12,Paraguay,,Acaray hydroelectric plant,Central Hidroeléctrica Acaray,,48,No,48,0,2,pre-construction,,2028,,Administración Nacional de Electricidad (ANDE),,,,conventional storage,Río Acaray,-25.4591,-54.6289,exact,,,,Alto Paraná,Latin America and the Caribbean,Americas,,,,,,,L604157,G604197,
2023-12-12,Philippines,,Ilaguen B hydroelectric plant,,,19,No,19,0,,pre-construction,,,,,,,,run-of-river,,16.7457,121.9869,approximate,San Mariano,Isabela,Cagayan Valley,Luzon,South-eastern Asia,Asia,,,,,,,L603156,G603191,
2023-01-27,Sri Lanka,,Kukule Ganga hydroelectric plant,,,70,No,70,0,2 x 35 MW,operating,,2003,,Ceylon Electricity Board (CEB),,,,run-of-river,Kukule River,6.6038,80.2846,exact,,Palinda-Nuwara (Baduraliya) DS Division,Kalutara District,Western Province,Southern Asia,Asia,,,,,,,L603401,G603436,
,,,,,,,,,,,,,,,,,,,,,,,,,,,,,,,,,,,,,,
,,,,,,,,,,,,,,,,,,,,,,,,,,,,,,,,,,,,,,
,,,,,,,,,,,,,,,,,,,,,,,,,,,,,,,,,,,,,,
,,,,,,,,,,,,,,,,,,,,,,,,,,,,,,,,,,,,,,
,,,,,,,,,,,,,,,,,,,,,,,,,,,,,,,,,,,,,,
,,,,,,,,,,,,,,,,,,,,,,,,,,,,,,,,,,,,,,
,,,,,,,,,,,,,,,,,,,,,,,,,,,,,,,,,,,,,,
,,,,,,,,,,,,,,,,,,,,,,,,,,,,,,,,,,,,,,
,,,,,,,,,,,,,,,,,,,,,,,,,,,,,,,,,,,,,,
,,,,,,,,,,,,,,,,,,,,,,,,,,,,,,,,,,,,,,
,,,,,,,,,,,,,,,,,,,,,,,,,,,,,,,,,,,,,,
,,,,,,,,,,,,,,,,,,,,,,,,,,,,,,,,,,,,,,
,,,,,,,,,,,,,,,,,,,,,,,,,,,,,,,,,,,,,,
,,,,,,,,,,,,,,,,,,,,,,,,,,,,,,,,,,,,,,
,,,,,,,,,,,,,,,,,,,,,,,,,,,,,,,,,,,,,,
,,,,,,,,,,,,,,,,,,,,,,,,,,,,,,,,,,,,,,
,,,,,,,,,,,,,,,,,,,,,,,,,,,,,,,,,,,,,,
,,,,,,,,,,,,,,,,,,,,,,,,,,,,,,,,,,,,,,
,,,,,,,,,,,,,,,,,,,,,,,,,,,,,,,,,,,,,,
,,,,,,,,,,,,,,,,,,,,,,,,,,,,,,,,,,,,,,
,,,,,,,,,,,,,,,,,,,,,,,,,,,,,,,,,,,,,,
,,,,,,,,,,,,,,,,,,,,,,,,,,,,,,,,,,,,,,
,,,,,,,,,,,,,,,,,,,,,,,,,,,,,,,,,,,,,,
,,,,,,,,,,,,,,,,,,,,,,,,,,,,,,,,,,,,,,
,,,,,,,,,,,,,,,,,,,,,,,,,,,,,,,,,,,,,,
,,,,,,,,,,,,,,,,,,,,,,,,,,,,,,,,,,,,,,
,,,,,,,,,,,,,,,,,,,,,,,,,,,,,,,,,,,,,,
,,,,,,,,,,,,,,,,,,,,,,,,,,,,,,,,,,,,,,
,,,,,,,,,,,,,,,,,,,,,,,,,,,,,,,,,,,,,,
,,,,,,,,,,,,,,,,,,,,,,,,,,,,,,,,,,,,,,
,,,,,,,,,,,,,,,,,,,,,,,,,,,,,,,,,,,,,,
,,,,,,,,,,,,,,,,,,,,,,,,,,,,,,,,,,,,,,
,,,,,,,,,,,,,,,,,,,,,,,,,,,,,,,,,,,,,,
,,,,,,,,,,,,,,,,,,,,,,,,,,,,,,,,,,,,,,
,,,,,,,,,,,,,,,,,,,,,,,,,,,,,,,,,,,,,,
,,,,,,,,,,,,,,,,,,,,,,,,,,,,,,,,,,,,,,
,,,,,,,,,,,,,,,,,,,,,,,,,,,,,,,,,,,,,,
,,,,,,,,,,,,,,,,,,,,,,,,,,,,,,,,,,,,,,
,,,,,,,,,,,,,,,,,,,,,,,,,,,,,,,,,,,,,,
,,,,,,,,,,,,,,,,,,,,,,,,,,,,,,,,,,,,,,
,,,,,,,,,,,,,,,,,,,,,,,,,,,,,,,,,,,,,,
,,,,,,,,,,,,,,,,,,,,,,,,,,,,,,,,,,,,,,
,,,,,,,,,,,,,,,,,,,,,,,,,,,,,,,,,,,,,,
,,,,,,,,,,,,,,,,,,,,,,,,,,,,,,,,,,,,,,
,,,,,,,,,,,,,,,,,,,,,,,,,,,,,,,,,,,,,,
,,,,,,,,,,,,,,,,,,,,,,,,,,,,,,,,,,,,,,
,,,,,,,,,,,,,,,,,,,,,,,,,,,,,,,,,,,,,,
,,,,,,,,,,,,,,,,,,,,,,,,,,,,,,,,,,,,,,
,,,,,,,,,,,,,,,,,,,,,,,,,,,,,,,,,,,,,,
,,,,,,,,,,,,,,,,,,,,,,,,,,,,,,,,,,,,,,
,,,,,,,,,,,,,,,,,,,,,,,,,,,,,,,,,,,,,,
,,,,,,,,,,,,,,,,,,,,,,,,,,,,,,,,,,,,,,
,,,,,,,,,,,,,,,,,,,,,,,,,,,,,,,,,,,,,,
,,,,,,,,,,,,,,,,,,,,,,,,,,,,,,,,,,,,,,
,,,,,,,,,,,,,,,,,,,,,,,,,,,,,,,,,,,,,,
,,,,,,,,,,,,,,,,,,,,,,,,,,,,,,,,,,,,,,
,,,,,,,,,,,,,,,,,,,,,,,,,,,,,,,,,,,,,,
,,,,,,,,,,,,,,,,,,,,,,,,,,,,,,,,,,,,,,
,,,,,,,,,,,,,,,,,,,,,,,,,,,,,,,,,,,,,,
,,,,,,,,,,,,,,,,,,,,,,,,,,,,,,,,,,,,,,
,,,,,,,,,,,,,,,,,,,,,,,,,,,,,,,,,,,,,,
,,,,,,,,,,,,,,,,,,,,,,,,,,,,,,,,,,,,,,
,,,,,,,,,,,,,,,,,,,,,,,,,,,,,,,,,,,,,,
,,,,,,,,,,,,,,,,,,,,,,,,,,,,,,,,,,,,,,
,,,,,,,,,,,,,,,,,,,,,,,,,,,,,,,,,,,,,,
,,,,,,,,,,,,,,,,,,,,,,,,,,,,,,,,,,,,,,
,,,,,,,,,,,,,,,,,,,,,,,,,,,,,,,,,,,,,,
,,,,,,,,,,,,,,,,,,,,,,,,,,,,,,,,,,,,,,
,,,,,,,,,,,,,,,,,,,,,,,,,,,,,,,,,,,,,,
,,,,,,,,,,,,,,,,,,,,,,,,,,,,,,,,,,,,,,
,,,,,,,,,,,,,,,,,,,,,,,,,,,,,,,,,,,,,,
,,,,,,,,,,,,,,,,,,,,,,,,,,,,,,,,,,,,,,
,,,,,,,,,,,,,,,,,,,,,,,,,,,,,,,,,,,,,,
,,,,,,,,,,,,,,,,,,,,,,,,,,,,,,,,,,,,,,
,,,,,,,,,,,,,,,,,,,,,,,,,,,,,,,,,,,,,,
,,,,,,,,,,,,,,,,,,,,,,,,,,,,,,,,,,,,,,
,,,,,,,,,,,,,,,,,,,,,,,,,,,,,,,,,,,,,,
,,,,,,,,,,,,,,,,,,,,,,,,,,,,,,,,,,,,,,
,,,,,,,,,,,,,,,,,,,,,,,,,,,,,,,,,,,,,,
,,,,,,,,,,,,,,,,,,,,,,,,,,,,,,,,,,,,,,
,,,,,,,,,,,,,,,,,,,,,,,,,,,,,,,,,,,,,,
,,,,,,,,,,,,,,,,,,,,,,,,,,,,,,,,,,,,,,
,,,,,,,,,,,,,,,,,,,,,,,,,,,,,,,,,,,,,,
,,,,,,,,,,,,,,,,,,,,,,,,,,,,,,,,,,,,,,
,,,,,,,,,,,,,,,,,,,,,,,,,,,,,,,,,,,,,,
,,,,,,,,,,,,,,,,,,,,,,,,,,,,,,,,,,,,,,
,,,,,,,,,,,,,,,,,,,,,,,,,,,,,,,,,,,,,,
,,,,,,,,,,,,,,,,,,,,,,,,,,,,,,,,,,,,,,
,,,,,,,,,,,,,,,,,,,,,,,,,,,,,,,,,,,,,,
,,,,,,,,,,,,,,,,,,,,,,,,,,,,,,,,,,,,,,
,,,,,,,,,,,,,,,,,,,,,,,,,,,,,,,,,,,,,,
,,,,,,,,,,,,,,,,,,,,,,,,,,,,,,,,,,,,,,
,,,,,,,,,,,,,,,,,,,,,,,,,,,,,,,,,,,,,,
,,,,,,,,,,,,,,,,,,,,,,,,,,,,,,,,,,,,,,
,,,,,,,,,,,,,,,,,,,,,,,,,,,,,,,,,,,,,,
,,,,,,,,,,,,,,,,,,,,,,,,,,,,,,,,,,,,,,
,,,,,,,,,,,,,,,,,,,,,,,,,,,,,,,,,,,,,,
,,,,,,,,,,,,,,,,,,,,,,,,,,,,,,,,,,,,,,
,,,,,,,,,,,,,,,,,,,,,,,,,,,,,,,,,,,,,,
,,,,,,,,,,,,,,,,,,,,,,,,,,,,,,,,,,,,,,
,,,,,,,,,,,,,,,,,,,,,,,,,,,,,,,,,,,,,,
,,,,,,,,,,,,,,,,,,,,,,,,,,,,,,,,,,,,,,
,,,,,,,,,,,,,,,,,,,,,,,,,,,,,,,,,,,,,,
,,,,,,,,,,,,,,,,,,,,,,,,,,,,,,,,,,,,,,
,,,,,,,,,,,,,,,,,,,,,,,,,,,,,,,,,,,,,,
,,,,,,,,,,,,,,,,,,,,,,,,,,,,,,,,,,,,,,
,,,,,,,,,,,,,,,,,,,,,,,,,,,,,,,,,,,,,,
,,,,,,,,,,,,,,,,,,,,,,,,,,,,,,,,,,,,,,
,,,,,,,,,,,,,,,,,,,,,,,,,,,,,,,,,,,,,,
,,,,,,,,,,,,,,,,,,,,,,,,,,,,,,,,,,,,,,
,,,,,,,,,,,,,,,,,,,,,,,,,,,,,,,,,,,,,,
,,,,,,,,,,,,,,,,,,,,,,,,,,,,,,,,,,,,,,
,,,,,,,,,,,,,,,,,,,,,,,,,,,,,,,,,,,,,,
,,,,,,,,,,,,,,,,,,,,,,,,,,,,,,,,,,,,,,
,,,,,,,,,,,,,,,,,,,,,,,,,,,,,,,,,,,,,,
,,,,,,,,,,,,,,,,,,,,,,,,,,,,,,,,,,,,,,
,,,,,,,,,,,,,,,,,,,,,,,,,,,,,,,,,,,,,,
,,,,,,,,,,,,,,,,,,,,,,,,,,,,,,,,,,,,,,
,,,,,,,,,,,,,,,,,,,,,,,,,,,,,,,,,,,,,,
,,,,,,,,,,,,,,,,,,,,,,,,,,,,,,,,,,,,,,
,,,,,,,,,,,,,,,,,,,,,,,,,,,,,,,,,,,,,,
,,,,,,,,,,,,,,,,,,,,,,,,,,,,,,,,,,,,,,
,,,,,,,,,,,,,,,,,,,,,,,,,,,,,,,,,,,,,,
,,,,,,,,,,,,,,,,,,,,,,,,,,,,,,,,,,,,,,
,,,,,,,,,,,,,,,,,,,,,,,,,,,,,,,,,,,,,,
,,,,,,,,,,,,,,,,,,,,,,,,,,,,,,,,,,,,,,
,,,,,,,,,,,,,,,,,,,,,,,,,,,,,,,,,,,,,,
,,,,,,,,,,,,,,,,,,,,,,,,,,,,,,,,,,,,,,
,,,,,,,,,,,,,,,,,,,,,,,,,,,,,,,,,,,,,,
,,,,,,,,,,,,,,,,,,,,,,,,,,,,,,,,,,,,,,
,,,,,,,,,,,,,,,,,,,,,,,,,,,,,,,,,,,,,,
,,,,,,,,,,,,,,,,,,,,,,,,,,,,,,,,,,,,,,
,,,,,,,,,,,,,,,,,,,,,,,,,,,,,,,,,,,,,,
,,,,,,,,,,,,,,,,,,,,,,,,,,,,,,,,,,,,,,
,,,,,,,,,,,,,,,,,,,,,,,,,,,,,,,,,,,,,,
,,,,,,,,,,,,,,,,,,,,,,,,,,,,,,,,,,,,,,
,,,,,,,,,,,,,,,,,,,,,,,,,,,,,,,,,,,,,,
,,,,,,,,,,,,,,,,,,,,,,,,,,,,,,,,,,,,,,
,,,,,,,,,,,,,,,,,,,,,,,,,,,,,,,,,,,,,,
,,,,,,,,,,,,,,,,,,,,,,,,,,,,,,,,,,,,,,
,,,,,,,,,,,,,,,,,,,,,,,,,,,,,,,,,,,,,,
,,,,,,,,,,,,,,,,,,,,,,,,,,,,,,,,,,,,,,
,,,,,,,,,,,,,,,,,,,,,,,,,,,,,,,,,,,,,,
,,,,,,,,,,,,,,,,,,,,,,,,,,,,,,,,,,,,,,
,,,,,,,,,,,,,,,,,,,,,,,,,,,,,,,,,,,,,,
,,,,,,,,,,,,,,,,,,,,,,,,,,,,,,,,,,,,,,
,,,,,,,,,,,,,,,,,,,,,,,,,,,,,,,,,,,,,,
,,,,,,,,,,,,,,,,,,,,,,,,,,,,,,,,,,,,,,
,,,,,,,,,,,,,,,,,,,,,,,,,,,,,,,,,,,,,,
,,,,,,,,,,,,,,,,,,,,,,,,,,,,,,,,,,,,,,
,,,,,,,,,,,,,,,,,,,,,,,,,,,,,,,,,,,,,,
,,,,,,,,,,,,,,,,,,,,,,,,,,,,,,,,,,,,,,
,,,,,,,,,,,,,,,,,,,,,,,,,,,,,,,,,,,,,,
,,,,,,,,,,,,,,,,,,,,,,,,,,,,,,,,,,,,,,
,,,,,,,,,,,,,,,,,,,,,,,,,,,,,,,,,,,,,,
,,,,,,,,,,,,,,,,,,,,,,,,,,,,,,,,,,,,,,
,,,,,,,,,,,,,,,,,,,,,,,,,,,,,,,,,,,,,,
,,,,,,,,,,,,,,,,,,,,,,,,,,,,,,,,,,,,,,
,,,,,,,,,,,,,,,,,,,,,,,,,,,,,,,,,,,,,,
,,,,,,,,,,,,,,,,,,,,,,,,,,,,,,,,,,,,,,
,,,,,,,,,,,,,,,,,,,,,,,,,,,,,,,,,,,,,,
,,,,,,,,,,,,,,,,,,,,,,,,,,,,,,,,,,,,,,
,,,,,,,,,,,,,,,,,,,,,,,,,,,,,,,,,,,,,,
,,,,,,,,,,,,,,,,,,,,,,,,,,,,,,,,,,,,,,
,,,,,,,,,,,,,,,,,,,,,,,,,,,,,,,,,,,,,,
,,,,,,,,,,,,,,,,,,,,,,,,,,,,,,,,,,,,,,
,,,,,,,,,,,,,,,,,,,,,,,,,,,,,,,,,,,,,,
,,,,,,,,,,,,,,,,,,,,,,,,,,,,,,,,,,,,,,
,,,,,,,,,,,,,,,,,,,,,,,,,,,,,,,,,,,,,,
,,,,,,,,,,,,,,,,,,,,,,,,,,,,,,,,,,,,,,
,,,,,,,,,,,,,,,,,,,,,,,,,,,,,,,,,,,,,,
,,,,,,,,,,,,,,,,,,,,,,,,,,,,,,,,,,,,,,
,,,,,,,,,,,,,,,,,,,,,,,,,,,,,,,,,,,,,,
,,,,,,,,,,,,,,,,,,,,,,,,,,,,,,,,,,,,,,
,,,,,,,,,,,,,,,,,,,,,,,,,,,,,,,,,,,,,,
,,,,,,,,,,,,,,,,,,,,,,,,,,,,,,,,,,,,,,
,,,,,,,,,,,,,,,,,,,,,,,,,,,,,,,,,,,,,,
,,,,,,,,,,,,,,,,,,,,,,,,,,,,,,,,,,,,,,
,,,,,,,,,,,,,,,,,,,,,,,,,,,,,,,,,,,,,,
,,,,,,,,,,,,,,,,,,,,,,,,,,,,,,,,,,,,,,
,,,,,,,,,,,,,,,,,,,,,,,,,,,,,,,,,,,,,,
,,,,,,,,,,,,,,,,,,,,,,,,,,,,,,,,,,,,,,
,,,,,,,,,,,,,,,,,,,,,,,,,,,,,,,,,,,,,,
,,,,,,,,,,,,,,,,,,,,,,,,,,,,,,,,,,,,,,
,,,,,,,,,,,,,,,,,,,,,,,,,,,,,,,,,,,,,,
,,,,,,,,,,,,,,,,,,,,,,,,,,,,,,,,,,,,,,
,,,,,,,,,,,,,,,,,,,,,,,,,,,,,,,,,,,,,,
,,,,,,,,,,,,,,,,,,,,,,,,,,,,,,,,,,,,,,
,,,,,,,,,,,,,,,,,,,,,,,,,,,,,,,,,,,,,,
,,,,,,,,,,,,,,,,,,,,,,,,,,,,,,,,,,,,,,
,,,,,,,,,,,,,,,,,,,,,,,,,,,,,,,,,,,,,,
,,,,,,,,,,,,,,,,,,,,,,,,,,,,,,,,,,,,,,
,,,,,,,,,,,,,,,,,,,,,,,,,,,,,,,,,,,,,,
,,,,,,,,,,,,,,,,,,,,,,,,,,,,,,,,,,,,,,
,,,,,,,,,,,,,,,,,,,,,,,,,,,,,,,,,,,,,,
,,,,,,,,,,,,,,,,,,,,,,,,,,,,,,,,,,,,,,
,,,,,,,,,,,,,,,,,,,,,,,,,,,,,,,,,,,,,,
,,,,,,,,,,,,,,,,,,,,,,,,,,,,,,,,,,,,,,
,,,,,,,,,,,,,,,,,,,,,,,,,,,,,,,,,,,,,,
,,,,,,,,,,,,,,,,,,,,,,,,,,,,,,,,,,,,,,
,,,,,,,,,,,,,,,,,,,,,,,,,,,,,,,,,,,,,,
,,,,,,,,,,,,,,,,,,,,,,,,,,,,,,,,,,,,,,
,,,,,,,,,,,,,,,,,,,,,,,,,,,,,,,,,,,,,,
,,,,,,,,,,,,,,,,,,,,,,,,,,,,,,,,,,,,,,
,,,,,,,,,,,,,,,,,,,,,,,,,,,,,,,,,,,,,,
,,,,,,,,,,,,,,,,,,,,,,,,,,,,,,,,,,,,,,
,,,,,,,,,,,,,,,,,,,,,,,,,,,,,,,,,,,,,,
,,,,,,,,,,,,,,,,,,,,,,,,,,,,,,,,,,,,,,
,,,,,,,,,,,,,,,,,,,,,,,,,,,,,,,,,,,,,,
,,,,,,,,,,,,,,,,,,,,,,,,,,,,,,,,,,,,,,
,,,,,,,,,,,,,,,,,,,,,,,,,,,,,,,,,,,,,,
,,,,,,,,,,,,,,,,,,,,,,,,,,,,,,,,,,,,,,
,,,,,,,,,,,,,,,,,,,,,,,,,,,,,,,,,,,,,,
,,,,,,,,,,,,,,,,,,,,,,,,,,,,,,,,,,,,,,
,,,,,,,,,,,,,,,,,,,,,,,,,,,,,,,,,,,,,,
,,,,,,,,,,,,,,,,,,,,,,,,,,,,,,,,,,,,,,
,,,,,,,,,,,,,,,,,,,,,,,,,,,,,,,,,,,,,,
,,,,,,,,,,,,,,,,,,,,,,,,,,,,,,,,,,,,,,
,,,,,,,,,,,,,,,,,,,,,,,,,,,,,,,,,,,,,,
,,,,,,,,,,,,,,,,,,,,,,,,,,,,,,,,,,,,,,
,,,,,,,,,,,,,,,,,,,,,,,,,,,,,,,,,,,,,,
,,,,,,,,,,,,,,,,,,,,,,,,,,,,,,,,,,,,,,
,,,,,,,,,,,,,,,,,,,,,,,,,,,,,,,,,,,,,,
,,,,,,,,,,,,,,,,,,,,,,,,,,,,,,,,,,,,,,
,,,,,,,,,,,,,,,,,,,,,,,,,,,,,,,,,,,,,,
,,,,,,,,,,,,,,,,,,,,,,,,,,,,,,,,,,,,,,
,,,,,,,,,,,,,,,,,,,,,,,,,,,,,,,,,,,,,,
,,,,,,,,,,,,,,,,,,,,,,,,,,,,,,,,,,,,,,
,,,,,,,,,,,,,,,,,,,,,,,,,,,,,,,,,,,,,,
,,,,,,,,,,,,,,,,,,,,,,,,,,,,,,,,,,,,,,
,,,,,,,,,,,,,,,,,,,,,,,,,,,,,,,,,,,,,,
,,,,,,,,,,,,,,,,,,,,,,,,,,,,,,,,,,,,,,
,,,,,,,,,,,,,,,,,,,,,,,,,,,,,,,,,,,,,,
,,,,,,,,,,,,,,,,,,,,,,,,,,,,,,,,,,,,,,
,,,,,,,,,,,,,,,,,,,,,,,,,,,,,,,,,,,,,,
,,,,,,,,,,,,,,,,,,,,,,,,,,,,,,,,,,,,,,
,,,,,,,,,,,,,,,,,,,,,,,,,,,,,,,,,,,,,,
,,,,,,,,,,,,,,,,,,,,,,,,,,,,,,,,,,,,,,
,,,,,,,,,,,,,,,,,,,,,,,,,,,,,,,,,,,,,,
,,,,,,,,,,,,,,,,,,,,,,,,,,,,,,,,,,,,,,
,,,,,,,,,,,,,,,,,,,,,,,,,,,,,,,,,,,,,,
,,,,,,,,,,,,,,,,,,,,,,,,,,,,,,,,,,,,,,
,,,,,,,,,,,,,,,,,,,,,,,,,,,,,,,,,,,,,,
,,,,,,,,,,,,,,,,,,,,,,,,,,,,,,,,,,,,,,
,,,,,,,,,,,,,,,,,,,,,,,,,,,,,,,,,,,,,,
,,,,,,,,,,,,,,,,,,,,,,,,,,,,,,,,,,,,,,
,,,,,,,,,,,,,,,,,,,,,,,,,,,,,,,,,,,,,,
,,,,,,,,,,,,,,,,,,,,,,,,,,,,,,,,,,,,,,
,,,,,,,,,,,,,,,,,,,,,,,,,,,,,,,,,,,,,,
,,,,,,,,,,,,,,,,,,,,,,,,,,,,,,,,,,,,,,
,,,,,,,,,,,,,,,,,,,,,,,,,,,,,,,,,,,,,,
,,,,,,,,,,,,,,,,,,,,,,,,,,,,,,,,,,,,,,
,,,,,,,,,,,,,,,,,,,,,,,,,,,,,,,,,,,,,,
,,,,,,,,,,,,,,,,,,,,,,,,,,,,,,,,,,,,,,
,,,,,,,,,,,,,,,,,,,,,,,,,,,,,,,,,,,,,,
,,,,,,,,,,,,,,,,,,,,,,,,,,,,,,,,,,,,,,
,,,,,,,,,,,,,,,,,,,,,,,,,,,,,,,,,,,,,,
,,,,,,,,,,,,,,,,,,,,,,,,,,,,,,,,,,,,,,
,,,,,,,,,,,,,,,,,,,,,,,,,,,,,,,,,,,,,,
,,,,,,,,,,,,,,,,,,,,,,,,,,,,,,,,,,,,,,
,,,,,,,,,,,,,,,,,,,,,,,,,,,,,,,,,,,,,,
,,,,,,,,,,,,,,,,,,,,,,,,,,,,,,,,,,,,,,
,,,,,,,,,,,,,,,,,,,,,,,,,,,,,,,,,,,,,,
,,,,,,,,,,,,,,,,,,,,,,,,,,,,,,,,,,,,,,
,,,,,,,,,,,,,,,,,,,,,,,,,,,,,,,,,,,,,,
,,,,,,,,,,,,,,,,,,,,,,,,,,,,,,,,,,,,,,
,,,,,,,,,,,,,,,,,,,,,,,,,,,,,,,,,,,,,,
,,,,,,,,,,,,,,,,,,,,,,,,,,,,,,,,,,,,,,
,,,,,,,,,,,,,,,,,,,,,,,,,,,,,,,,,,,,,,
,,,,,,,,,,,,,,,,,,,,,,,,,,,,,,,,,,,,,,
,,,,,,,,,,,,,,,,,,,,,,,,,,,,,,,,,,,,,,
,,,,,,,,,,,,,,,,,,,,,,,,,,,,,,,,,,,,,,
,,,,,,,,,,,,,,,,,,,,,,,,,,,,,,,,,,,,,,
,,,,,,,,,,,,,,,,,,,,,,,,,,,,,,,,,,,,,,
,,,,,,,,,,,,,,,,,,,,,,,,,,,,,,,,,,,,,,
,,,,,,,,,,,,,,,,,,,,,,,,,,,,,,,,,,,,,,
,,,,,,,,,,,,,,,,,,,,,,,,,,,,,,,,,,,,,,
,,,,,,,,,,,,,,,,,,,,,,,,,,,,,,,,,,,,,,
,,,,,,,,,,,,,,,,,,,,,,,,,,,,,,,,,,,,,,
,,,,,,,,,,,,,,,,,,,,,,,,,,,,,,,,,,,,,,
,,,,,,,,,,,,,,,,,,,,,,,,,,,,,,,,,,,,,,
,,,,,,,,,,,,,,,,,,,,,,,,,,,,,,,,,,,,,,
,,,,,,,,,,,,,,,,,,,,,,,,,,,,,,,,,,,,,,
,,,,,,,,,,,,,,,,,,,,,,,,,,,,,,,,,,,,,,
,,,,,,,,,,,,,,,,,,,,,,,,,,,,,,,,,,,,,,
,,,,,,,,,,,,,,,,,,,,,,,,,,,,,,,,,,,,,,
,,,,,,,,,,,,,,,,,,,,,,,,,,,,,,,,,,,,,,
,,,,,,,,,,,,,,,,,,,,,,,,,,,,,,,,,,,,,,
,,,,,,,,,,,,,,,,,,,,,,,,,,,,,,,,,,,,,,
,,,,,,,,,,,,,,,,,,,,,,,,,,,,,,,,,,,,,,
,,,,,,,,,,,,,,,,,,,,,,,,,,,,,,,,,,,,,,
,,,,,,,,,,,,,,,,,,,,,,,,,,,,,,,,,,,,,,
,,,,,,,,,,,,,,,,,,,,,,,,,,,,,,,,,,,,,,
,,,,,,,,,,,,,,,,,,,,,,,,,,,,,,,,,,,,,,
,,,,,,,,,,,,,,,,,,,,,,,,,,,,,,,,,,,,,,
,,,,,,,,,,,,,,,,,,,,,,,,,,,,,,,,,,,,,,
,,,,,,,,,,,,,,,,,,,,,,,,,,,,,,,,,,,,,,
,,,,,,,,,,,,,,,,,,,,,,,,,,,,,,,,,,,,,,
,,,,,,,,,,,,,,,,,,,,,,,,,,,,,,,,,,,,,,
,,,,,,,,,,,,,,,,,,,,,,,,,,,,,,,,,,,,,,
,,,,,,,,,,,,,,,,,,,,,,,,,,,,,,,,,,,,,,
,,,,,,,,,,,,,,,,,,,,,,,,,,,,,,,,,,,,,,
,,,,,,,,,,,,,,,,,,,,,,,,,,,,,,,,,,,,,,
,,,,,,,,,,,,,,,,,,,,,,,,,,,,,,,,,,,,,,
,,,,,,,,,,,,,,,,,,,,,,,,,,,,,,,,,,,,,,
,,,,,,,,,,,,,,,,,,,,,,,,,,,,,,,,,,,,,,
,,,,,,,,,,,,,,,,,,,,,,,,,,,,,,,,,,,,,,
,,,,,,,,,,,,,,,,,,,,,,,,,,,,,,,,,,,,,,
,,,,,,,,,,,,,,,,,,,,,,,,,,,,,,,,,,,,,,
,,,,,,,,,,,,,,,,,,,,,,,,,,,,,,,,,,,,,,
,,,,,,,,,,,,,,,,,,,,,,,,,,,,,,,,,,,,,,
,,,,,,,,,,,,,,,,,,,,,,,,,,,,,,,,,,,,,,
,,,,,,,,,,,,,,,,,,,,,,,,,,,,,,,,,,,,,,
,,,,,,,,,,,,,,,,,,,,,,,,,,,,,,,,,,,,,,
,,,,,,,,,,,,,,,,,,,,,,,,,,,,,,,,,,,,,,
,,,,,,,,,,,,,,,,,,,,,,,,,,,,,,,,,,,,,,
,,,,,,,,,,,,,,,,,,,,,,,,,,,,,,,,,,,,,,
,,,,,,,,,,,,,,,,,,,,,,,,,,,,,,,,,,,,,,
,,,,,,,,,,,,,,,,,,,,,,,,,,,,,,,,,,,,,,
,,,,,,,,,,,,,,,,,,,,,,,,,,,,,,,,,,,,,,
,,,,,,,,,,,,,,,,,,,,,,,,,,,,,,,,,,,,,,
,,,,,,,,,,,,,,,,,,,,,,,,,,,,,,,,,,,,,,
,,,,,,,,,,,,,,,,,,,,,,,,,,,,,,,,,,,,,,
,,,,,,,,,,,,,,,,,,,,,,,,,,,,,,,,,,,,,,
,,,,,,,,,,,,,,,,,,,,,,,,,,,,,,,,,,,,,,
,,,,,,,,,,,,,,,,,,,,,,,,,,,,,,,,,,,,,,
,,,,,,,,,,,,,,,,,,,,,,,,,,,,,,,,,,,,,,
,,,,,,,,,,,,,,,,,,,,,,,,,,,,,,,,,,,,,,
,,,,,,,,,,,,,,,,,,,,,,,,,,,,,,,,,,,,,,
,,,,,,,,,,,,,,,,,,,,,,,,,,,,,,,,,,,,,,
,,,,,,,,,,,,,,,,,,,,,,,,,,,,,,,,,,,,,,
,,,,,,,,,,,,,,,,,,,,,,,,,,,,,,,,,,,,,,
,,,,,,,,,,,,,,,,,,,,,,,,,,,,,,,,,,,,,,
,,,,,,,,,,,,,,,,,,,,,,,,,,,,,,,,,,,,,,
,,,,,,,,,,,,,,,,,,,,,,,,,,,,,,,,,,,,,,
,,,,,,,,,,,,,,,,,,,,,,,,,,,,,,,,,,,,,,
,,,,,,,,,,,,,,,,,,,,,,,,,,,,,,,,,,,,,,
,,,,,,,,,,,,,,,,,,,,,,,,,,,,,,,,,,,,,,
,,,,,,,,,,,,,,,,,,,,,,,,,,,,,,,,,,,,,,
,,,,,,,,,,,,,,,,,,,,,,,,,,,,,,,,,,,,,,
,,,,,,,,,,,,,,,,,,,,,,,,,,,,,,,,,,,,,,
,,,,,,,,,,,,,,,,,,,,,,,,,,,,,,,,,,,,,,
,,,,,,,,,,,,,,,,,,,,,,,,,,,,,,,,,,,,,,
,,,,,,,,,,,,,,,,,,,,,,,,,,,,,,,,,,,,,,
,,,,,,,,,,,,,,,,,,,,,,,,,,,,,,,,,,,,,,
,,,,,,,,,,,,,,,,,,,,,,,,,,,,,,,,,,,,,,
,,,,,,,,,,,,,,,,,,,,,,,,,,,,,,,,,,,,,,
,,,,,,,,,,,,,,,,,,,,,,,,,,,,,,,,,,,,,,
,,,,,,,,,,,,,,,,,,,,,,,,,,,,,,,,,,,,,,
,,,,,,,,,,,,,,,,,,,,,,,,,,,,,,,,,,,,,,
,,,,,,,,,,,,,,,,,,,,,,,,,,,,,,,,,,,,,,
,,,,,,,,,,,,,,,,,,,,,,,,,,,,,,,,,,,,,,
,,,,,,,,,,,,,,,,,,,,,,,,,,,,,,,,,,,,,,
,,,,,,,,,,,,,,,,,,,,,,,,,,,,,,,,,,,,,,
,,,,,,,,,,,,,,,,,,,,,,,,,,,,,,,,,,,,,,
,,,,,,,,,,,,,,,,,,,,,,,,,,,,,,,,,,,,,,
,,,,,,,,,,,,,,,,,,,,,,,,,,,,,,,,,,,,,,
,,,,,,,,,,,,,,,,,,,,,,,,,,,,,,,,,,,,,,
,,,,,,,,,,,,,,,,,,,,,,,,,,,,,,,,,,,,,,
,,,,,,,,,,,,,,,,,,,,,,,,,,,,,,,,,,,,,,
,,,,,,,,,,,,,,,,,,,,,,,,,,,,,,,,,,,,,,
,,,,,,,,,,,,,,,,,,,,,,,,,,,,,,,,,,,,,,
,,,,,,,,,,,,,,,,,,,,,,,,,,,,,,,,,,,,,,
,,,,,,,,,,,,,,,,,,,,,,,,,,,,,,,,,,,,,,
,,,,,,,,,,,,,,,,,,,,,,,,,,,,,,,,,,,,,,
,,,,,,,,,,,,,,,,,,,,,,,,,,,,,,,,,,,,,,
,,,,,,,,,,,,,,,,,,,,,,,,,,,,,,,,,,,,,,
,,,,,,,,,,,,,,,,,,,,,,,,,,,,,,,,,,,,,,
,,,,,,,,,,,,,,,,,,,,,,,,,,,,,,,,,,,,,,
,,,,,,,,,,,,,,,,,,,,,,,,,,,,,,,,,,,,,,
,,,,,,,,,,,,,,,,,,,,,,,,,,,,,,,,,,,,,,
,,,,,,,,,,,,,,,,,,,,,,,,,,,,,,,,,,,,,,
,,,,,,,,,,,,,,,,,,,,,,,,,,,,,,,,,,,,,,
,,,,,,,,,,,,,,,,,,,,,,,,,,,,,,,,,,,,,,
,,,,,,,,,,,,,,,,,,,,,,,,,,,,,,,,,,,,,,
,,,,,,,,,,,,,,,,,,,,,,,,,,,,,,,,,,,,,,
,,,,,,,,,,,,,,,,,,,,,,,,,,,,,,,,,,,,,,
,,,,,,,,,,,,,,,,,,,,,,,,,,,,,,,,,,,,,,
,,,,,,,,,,,,,,,,,,,,,,,,,,,,,,,,,,,,,,
,,,,,,,,,,,,,,,,,,,,,,,,,,,,,,,,,,,,,,
,,,,,,,,,,,,,,,,,,,,,,,,,,,,,,,,,,,,,,
,,,,,,,,,,,,,,,,,,,,,,,,,,,,,,,,,,,,,,
,,,,,,,,,,,,,,,,,,,,,,,,,,,,,,,,,,,,,,
,,,,,,,,,,,,,,,,,,,,,,,,,,,,,,,,,,,,,,
,,,,,,,,,,,,,,,,,,,,,,,,,,,,,,,,,,,,,,
,,,,,,,,,,,,,,,,,,,,,,,,,,,,,,,,,,,,,,
,,,,,,,,,,,,,,,,,,,,,,,,,,,,,,,,,,,,,,
,,,,,,,,,,,,,,,,,,,,,,,,,,,,,,,,,,,,,,
,,,,,,,,,,,,,,,,,,,,,,,,,,,,,,,,,,,,,,
,,,,,,,,,,,,,,,,,,,,,,,,,,,,,,,,,,,,,,
,,,,,,,,,,,,,,,,,,,,,,,,,,,,,,,,,,,,,,
,,,,,,,,,,,,,,,,,,,,,,,,,,,,,,,,,,,,,,
,,,,,,,,,,,,,,,,,,,,,,,,,,,,,,,,,,,,,,
,,,,,,,,,,,,,,,,,,,,,,,,,,,,,,,,,,,,,,
,,,,,,,,,,,,,,,,,,,,,,,,,,,,,,,,,,,,,,
,,,,,,,,,,,,,,,,,,,,,,,,,,,,,,,,,,,,,,
,,,,,,,,,,,,,,,,,,,,,,,,,,,,,,,,,,,,,,
,,,,,,,,,,,,,,,,,,,,,,,,,,,,,,,,,,,,,,
,,,,,,,,,,,,,,,,,,,,,,,,,,,,,,,,,,,,,,
,,,,,,,,,,,,,,,,,,,,,,,,,,,,,,,,,,,,,,
,,,,,,,,,,,,,,,,,,,,,,,,,,,,,,,,,,,,,,
,,,,,,,,,,,,,,,,,,,,,,,,,,,,,,,,,,,,,,
,,,,,,,,,,,,,,,,,,,,,,,,,,,,,,,,,,,,,,
,,,,,,,,,,,,,,,,,,,,,,,,,,,,,,,,,,,,,,
,,,,,,,,,,,,,,,,,,,,,,,,,,,,,,,,,,,,,,
,,,,,,,,,,,,,,,,,,,,,,,,,,,,,,,,,,,,,,
,,,,,,,,,,,,,,,,,,,,,,,,,,,,,,,,,,,,,,
,,,,,,,,,,,,,,,,,,,,,,,,,,,,,,,,,,,,,,
,,,,,,,,,,,,,,,,,,,,,,,,,,,,,,,,,,,,,,
,,,,,,,,,,,,,,,,,,,,,,,,,,,,,,,,,,,,,,
,,,,,,,,,,,,,,,,,,,,,,,,,,,,,,,,,,,,,,
,,,,,,,,,,,,,,,,,,,,,,,,,,,,,,,,,,,,,,
,,,,,,,,,,,,,,,,,,,,,,,,,,,,,,,,,,,,,,
,,,,,,,,,,,,,,,,,,,,,,,,,,,,,,,,,,,,,,
,,,,,,,,,,,,,,,,,,,,,,,,,,,,,,,,,,,,,,
,,,,,,,,,,,,,,,,,,,,,,,,,,,,,,,,,,,,,,
,,,,,,,,,,,,,,,,,,,,,,,,,,,,,,,,,,,,,,
,,,,,,,,,,,,,,,,,,,,,,,,,,,,,,,,,,,,,,
,,,,,,,,,,,,,,,,,,,,,,,,,,,,,,,,,,,,,,
,,,,,,,,,,,,,,,,,,,,,,,,,,,,,,,,,,,,,,
,,,,,,,,,,,,,,,,,,,,,,,,,,,,,,,,,,,,,,
,,,,,,,,,,,,,,,,,,,,,,,,,,,,,,,,,,,,,,
,,,,,,,,,,,,,,,,,,,,,,,,,,,,,,,,,,,,,,
,,,,,,,,,,,,,,,,,,,,,,,,,,,,,,,,,,,,,,
,,,,,,,,,,,,,,,,,,,,,,,,,,,,,,,,,,,,,,
,,,,,,,,,,,,,,,,,,,,,,,,,,,,,,,,,,,,,,
,,,,,,,,,,,,,,,,,,,,,,,,,,,,,,,,,,,,,,
,,,,,,,,,,,,,,,,,,,,,,,,,,,,,,,,,,,,,,
,,,,,,,,,,,,,,,,,,,,,,,,,,,,,,,,,,,,,,
,,,,,,,,,,,,,,,,,,,,,,,,,,,,,,,,,,,,,,
,,,,,,,,,,,,,,,,,,,,,,,,,,,,,,,,,,,,,,
,,,,,,,,,,,,,,,,,,,,,,,,,,,,,,,,,,,,,,
,,,,,,,,,,,,,,,,,,,,,,,,,,,,,,,,,,,,,,
,,,,,,,,,,,,,,,,,,,,,,,,,,,,,,,,,,,,,,
,,,,,,,,,,,,,,,,,,,,,,,,,,,,,,,,,,,,,,
,,,,,,,,,,,,,,,,,,,,,,,,,,,,,,,,,,,,,,
,,,,,,,,,,,,,,,,,,,,,,,,,,,,,,,,,,,,,,
,,,,,,,,,,,,,,,,,,,,,,,,,,,,,,,,,,,,,,
,,,,,,,,,,,,,,,,,,,,,,,,,,,,,,,,,,,,,,
,,,,,,,,,,,,,,,,,,,,,,,,,,,,,,,,,,,,,,
,,,,,,,,,,,,,,,,,,,,,,,,,,,,,,,,,,,,,,
,,,,,,,,,,,,,,,,,,,,,,,,,,,,,,,,,,,,,,
,,,,,,,,,,,,,,,,,,,,,,,,,,,,,,,,,,,,,,
,,,,,,,,,,,,,,,,,,,,,,,,,,,,,,,,,,,,,,
,,,,,,,,,,,,,,,,,,,,,,,,,,,,,,,,,,,,,,
,,,,,,,,,,,,,,,,,,,,,,,,,,,,,,,,,,,,,,
,,,,,,,,,,,,,,,,,,,,,,,,,,,,,,,,,,,,,,
,,,,,,,,,,,,,,,,,,,,,,,,,,,,,,,,,,,,,,
,,,,,,,,,,,,,,,,,,,,,,,,,,,,,,,,,,,,,,
,,,,,,,,,,,,,,,,,,,,,,,,,,,,,,,,,,,,,,
,,,,,,,,,,,,,,,,,,,,,,,,,,,,,,,,,,,,,,
,,,,,,,,,,,,,,,,,,,,,,,,,,,,,,,,,,,,,,
,,,,,,,,,,,,,,,,,,,,,,,,,,,,,,,,,,,,,,
,,,,,,,,,,,,,,,,,,,,,,,,,,,,,,,,,,,,,,
,,,,,,,,,,,,,,,,,,,,,,,,,,,,,,,,,,,,,,
,,,,,,,,,,,,,,,,,,,,,,,,,,,,,,,,,,,,,,
,,,,,,,,,,,,,,,,,,,,,,,,,,,,,,,,,,,,,,
,,,,,,,,,,,,,,,,,,,,,,,,,,,,,,,,,,,,,,
,,,,,,,,,,,,,,,,,,,,,,,,,,,,,,,,,,,,,,
,,,,,,,,,,,,,,,,,,,,,,,,,,,,,,,,,,,,,,
,,,,,,,,,,,,,,,,,,,,,,,,,,,,,,,,,,,,,,
,,,,,,,,,,,,,,,,,,,,,,,,,,,,,,,,,,,,,,
,,,,,,,,,,,,,,,,,,,,,,,,,,,,,,,,,,,,,,
,,,,,,,,,,,,,,,,,,,,,,,,,,,,,,,,,,,,,,
,,,,,,,,,,,,,,,,,,,,,,,,,,,,,,,,,,,,,,
,,,,,,,,,,,,,,,,,,,,,,,,,,,,,,,,,,,,,,
,,,,,,,,,,,,,,,,,,,,,,,,,,,,,,,,,,,,,,
,,,,,,,,,,,,,,,,,,,,,,,,,,,,,,,,,,,,,,
,,,,,,,,,,,,,,,,,,,,,,,,,,,,,,,,,,,,,,
,,,,,,,,,,,,,,,,,,,,,,,,,,,,,,,,,,,,,,
,,,,,,,,,,,,,,,,,,,,,,,,,,,,,,,,,,,,,,
,,,,,,,,,,,,,,,,,,,,,,,,,,,,,,,,,,,,,,
,,,,,,,,,,,,,,,,,,,,,,,,,,,,,,,,,,,,,,
,,,,,,,,,,,,,,,,,,,,,,,,,,,,,,,,,,,,,,
,,,,,,,,,,,,,,,,,,,,,,,,,,,,,,,,,,,,,,
,,,,,,,,,,,,,,,,,,,,,,,,,,,,,,,,,,,,,,
,,,,,,,,,,,,,,,,,,,,,,,,,,,,,,,,,,,,,,
,,,,,,,,,,,,,,,,,,,,,,,,,,,,,,,,,,,,,,
,,,,,,,,,,,,,,,,,,,,,,,,,,,,,,,,,,,,,,
,,,,,,,,,,,,,,,,,,,,,,,,,,,,,,,,,,,,,,
,,,,,,,,,,,,,,,,,,,,,,,,,,,,,,,,,,,,,,
,,,,,,,,,,,,,,,,,,,,,,,,,,,,,,,,,,,,,,
,,,,,,,,,,,,,,,,,,,,,,,,,,,,,,,,,,,,,,
,,,,,,,,,,,,,,,,,,,,,,,,,,,,,,,,,,,,,,
,,,,,,,,,,,,,,,,,,,,,,,,,,,,,,,,,,,,,,
,,,,,,,,,,,,,,,,,,,,,,,,,,,,,,,,,,,,,,
,,,,,,,,,,,,,,,,,,,,,,,,,,,,,,,,,,,,,,
,,,,,,,,,,,,,,,,,,,,,,,,,,,,,,,,,,,,,,
,,,,,,,,,,,,,,,,,,,,,,,,,,,,,,,,,,,,,,
,,,,,,,,,,,,,,,,,,,,,,,,,,,,,,,,,,,,,,
,,,,,,,,,,,,,,,,,,,,,,,,,,,,,,,,,,,,,,
,,,,,,,,,,,,,,,,,,,,,,,,,,,,,,,,,,,,,,
,,,,,,,,,,,,,,,,,,,,,,,,,,,,,,,,,,,,,,
,,,,,,,,,,,,,,,,,,,,,,,,,,,,,,,,,,,,,,
,,,,,,,,,,,,,,,,,,,,,,,,,,,,,,,,,,,,,,
,,,,,,,,,,,,,,,,,,,,,,,,,,,,,,,,,,,,,,
,,,,,,,,,,,,,,,,,,,,,,,,,,,,,,,,,,,,,,
,,,,,,,,,,,,,,,,,,,,,,,,,,,,,,,,,,,,,,
,,,,,,,,,,,,,,,,,,,,,,,,,,,,,,,,,,,,,,
,,,,,,,,,,,,,,,,,,,,,,,,,,,,,,,,,,,,,,
,,,,,,,,,,,,,,,,,,,,,,,,,,,,,,,,,,,,,,
,,,,,,,,,,,,,,,,,,,,,,,,,,,,,,,,,,,,,,
,,,,,,,,,,,,,,,,,,,,,,,,,,,,,,,,,,,,,,
,,,,,,,,,,,,,,,,,,,,,,,,,,,,,,,,,,,,,,
,,,,,,,,,,,,,,,,,,,,,,,,,,,,,,,,,,,,,,
,,,,,,,,,,,,,,,,,,,,,,,,,,,,,,,,,,,,,,
,,,,,,,,,,,,,,,,,,,,,,,,,,,,,,,,,,,,,,
,,,,,,,,,,,,,,,,,,,,,,,,,,,,,,,,,,,,,,
,,,,,,,,,,,,,,,,,,,,,,,,,,,,,,,,,,,,,,
,,,,,,,,,,,,,,,,,,,,,,,,,,,,,,,,,,,,,,
,,,,,,,,,,,,,,,,,,,,,,,,,,,,,,,,,,,,,,
,,,,,,,,,,,,,,,,,,,,,,,,,,,,,,,,,,,,,,
,,,,,,,,,,,,,,,,,,,,,,,,,,,,,,,,,,,,,,
,,,,,,,,,,,,,,,,,,,,,,,,,,,,,,,,,,,,,,
,,,,,,,,,,,,,,,,,,,,,,,,,,,,,,,,,,,,,,
,,,,,,,,,,,,,,,,,,,,,,,,,,,,,,,,,,,,,,
,,,,,,,,,,,,,,,,,,,,,,,,,,,,,,,,,,,,,,
,,,,,,,,,,,,,,,,,,,,,,,,,,,,,,,,,,,,,,
,,,,,,,,,,,,,,,,,,,,,,,,,,,,,,,,,,,,,,
,,,,,,,,,,,,,,,,,,,,,,,,,,,,,,,,,,,,,,
,,,,,,,,,,,,,,,,,,,,,,,,,,,,,,,,,,,,,,
,,,,,,,,,,,,,,,,,,,,,,,,,,,,,,,,,,,,,,
,,,,,,,,,,,,,,,,,,,,,,,,,,,,,,,,,,,,,,
,,,,,,,,,,,,,,,,,,,,,,,,,,,,,,,,,,,,,,
,,,,,,,,,,,,,,,,,,,,,,,,,,,,,,,,,,,,,,
,,,,,,,,,,,,,,,,,,,,,,,,,,,,,,,,,,,,,,
,,,,,,,,,,,,,,,,,,,,,,,,,,,,,,,,,,,,,,
,,,,,,,,,,,,,,,,,,,,,,,,,,,,,,,,,,,,,,
,,,,,,,,,,,,,,,,,,,,,,,,,,,,,,,,,,,,,,
,,,,,,,,,,,,,,,,,,,,,,,,,,,,,,,,,,,,,,
,,,,,,,,,,,,,,,,,,,,,,,,,,,,,,,,,,,,,,
,,,,,,,,,,,,,,,,,,,,,,,,,,,,,,,,,,,,,,
,,,,,,,,,,,,,,,,,,,,,,,,,,,,,,,,,,,,,,
,,,,,,,,,,,,,,,,,,,,,,,,,,,,,,,,,,,,,,
,,,,,,,,,,,,,,,,,,,,,,,,,,,,,,,,,,,,,,
,,,,,,,,,,,,,,,,,,,,,,,,,,,,,,,,,,,,,,
,,,,,,,,,,,,,,,,,,,,,,,,,,,,,,,,,,,,,,
,,,,,,,,,,,,,,,,,,,,,,,,,,,,,,,,,,,,,,
,,,,,,,,,,,,,,,,,,,,,,,,,,,,,,,,,,,,,,
,,,,,,,,,,,,,,,,,,,,,,,,,,,,,,,,,,,,,,
,,,,,,,,,,,,,,,,,,,,,,,,,,,,,,,,,,,,,,
,,,,,,,,,,,,,,,,,,,,,,,,,,,,,,,,,,,,,,
,,,,,,,,,,,,,,,,,,,,,,,,,,,,,,,,,,,,,,
,,,,,,,,,,,,,,,,,,,,,,,,,,,,,,,,,,,,,,
,,,,,,,,,,,,,,,,,,,,,,,,,,,,,,,,,,,,,,
,,,,,,,,,,,,,,,,,,,,,,,,,,,,,,,,,,,,,,
,,,,,,,,,,,,,,,,,,,,,,,,,,,,,,,,,,,,,,
,,,,,,,,,,,,,,,,,,,,,,,,,,,,,,,,,,,,,,
,,,,,,,,,,,,,,,,,,,,,,,,,,,,,,,,,,,,,,
,,,,,,,,,,,,,,,,,,,,,,,,,,,,,,,,,,,,,,
,,,,,,,,,,,,,,,,,,,,,,,,,,,,,,,,,,,,,,
,,,,,,,,,,,,,,,,,,,,,,,,,,,,,,,,,,,,,,
,,,,,,,,,,,,,,,,,,,,,,,,,,,,,,,,,,,,,,
,,,,,,,,,,,,,,,,,,,,,,,,,,,,,,,,,,,,,,
,,,,,,,,,,,,,,,,,,,,,,,,,,,,,,,,,,,,,,
,,,,,,,,,,,,,,,,,,,,,,,,,,,,,,,,,,,,,,
,,,,,,,,,,,,,,,,,,,,,,,,,,,,,,,,,,,,,,
,,,,,,,,,,,,,,,,,,,,,,,,,,,,,,,,,,,,,,
,,,,,,,,,,,,,,,,,,,,,,,,,,,,,,,,,,,,,,
,,,,,,,,,,,,,,,,,,,,,,,,,,,,,,,,,,,,,,
,,,,,,,,,,,,,,,,,,,,,,,,,,,,,,,,,,,,,,
,,,,,,,,,,,,,,,,,,,,,,,,,,,,,,,,,,,,,,
,,,,,,,,,,,,,,,,,,,,,,,,,,,,,,,,,,,,,,
,,,,,,,,,,,,,,,,,,,,,,,,,,,,,,,,,,,,,,
,,,,,,,,,,,,,,,,,,,,,,,,,,,,,,,,,,,,,,
,,,,,,,,,,,,,,,,,,,,,,,,,,,,,,,,,,,,,,
,,,,,,,,,,,,,,,,,,,,,,,,,,,,,,,,,,,,,,
,,,,,,,,,,,,,,,,,,,,,,,,,,,,,,,,,,,,,,
,,,,,,,,,,,,,,,,,,,,,,,,,,,,,,,,,,,,,,
,,,,,,,,,,,,,,,,,,,,,,,,,,,,,,,,,,,,,,
,,,,,,,,,,,,,,,,,,,,,,,,,,,,,,,,,,,,,,
,,,,,,,,,,,,,,,,,,,,,,,,,,,,,,,,,,,,,,
,,,,,,,,,,,,,,,,,,,,,,,,,,,,,,,,,,,,,,
,,,,,,,,,,,,,,,,,,,,,,,,,,,,,,,,,,,,,,
,,,,,,,,,,,,,,,,,,,,,,,,,,,,,,,,,,,,,,
,,,,,,,,,,,,,,,,,,,,,,,,,,,,,,,,,,,,,,
,,,,,,,,,,,,,,,,,,,,,,,,,,,,,,,,,,,,,,
,,,,,,,,,,,,,,,,,,,,,,,,,,,,,,,,,,,,,,
,,,,,,,,,,,,,,,,,,,,,,,,,,,,,,,,,,,,,,
,,,,,,,,,,,,,,,,,,,,,,,,,,,,,,,,,,,,,,
,,,,,,,,,,,,,,,,,,,,,,,,,,,,,,,,,,,,,,
,,,,,,,,,,,,,,,,,,,,,,,,,,,,,,,,,,,,,,
,,,,,,,,,,,,,,,,,,,,,,,,,,,,,,,,,,,,,,
,,,,,,,,,,,,,,,,,,,,,,,,,,,,,,,,,,,,,,
,,,,,,,,,,,,,,,,,,,,,,,,,,,,,,,,,,,,,,
,,,,,,,,,,,,,,,,,,,,,,,,,,,,,,,,,,,,,,
,,,,,,,,,,,,,,,,,,,,,,,,,,,,,,,,,,,,,,
,,,,,,,,,,,,,,,,,,,,,,,,,,,,,,,,,,,,,,
,,,,,,,,,,,,,,,,,,,,,,,,,,,,,,,,,,,,,,
,,,,,,,,,,,,,,,,,,,,,,,,,,,,,,,,,,,,,,
,,,,,,,,,,,,,,,,,,,,,,,,,,,,,,,,,,,,,,
,,,,,,,,,,,,,,,,,,,,,,,,,,,,,,,,,,,,,,
,,,,,,,,,,,,,,,,,,,,,,,,,,,,,,,,,,,,,,
,,,,,,,,,,,,,,,,,,,,,,,,,,,,,,,,,,,,,,
,,,,,,,,,,,,,,,,,,,,,,,,,,,,,,,,,,,,,,
,,,,,,,,,,,,,,,,,,,,,,,,,,,,,,,,,,,,,,
,,,,,,,,,,,,,,,,,,,,,,,,,,,,,,,,,,,,,,
,,,,,,,,,,,,,,,,,,,,,,,,,,,,,,,,,,,,,,
,,,,,,,,,,,,,,,,,,,,,,,,,,,,,,,,,,,,,,
,,,,,,,,,,,,,,,,,,,,,,,,,,,,,,,,,,,,,,
,,,,,,,,,,,,,,,,,,,,,,,,,,,,,,,,,,,,,,
,,,,,,,,,,,,,,,,,,,,,,,,,,,,,,,,,,,,,,
,,,,,,,,,,,,,,,,,,,,,,,,,,,,,,,,,,,,,,
,,,,,,,,,,,,,,,,,,,,,,,,,,,,,,,,,,,,,,
,,,,,,,,,,,,,,,,,,,,,,,,,,,,,,,,,,,,,,
,,,,,,,,,,,,,,,,,,,,,,,,,,,,,,,,,,,,,,
,,,,,,,,,,,,,,,,,,,,,,,,,,,,,,,,,,,,,,
,,,,,,,,,,,,,,,,,,,,,,,,,,,,,,,,,,,,,,
,,,,,,,,,,,,,,,,,,,,,,,,,,,,,,,,,,,,,,
,,,,,,,,,,,,,,,,,,,,,,,,,,,,,,,,,,,,,,
,,,,,,,,,,,,,,,,,,,,,,,,,,,,,,,,,,,,,,
,,,,,,,,,,,,,,,,,,,,,,,,,,,,,,,,,,,,,,
,,,,,,,,,,,,,,,,,,,,,,,,,,,,,,,,,,,,,,
,,,,,,,,,,,,,,,,,,,,,,,,,,,,,,,,,,,,,,
,,,,,,,,,,,,,,,,,,,,,,,,,,,,,,,,,,,,,,
,,,,,,,,,,,,,,,,,,,,,,,,,,,,,,,,,,,,,,
,,,,,,,,,,,,,,,,,,,,,,,,,,,,,,,,,,,,,,
,,,,,,,,,,,,,,,,,,,,,,,,,,,,,,,,,,,,,,
,,,,,,,,,,,,,,,,,,,,,,,,,,,,,,,,,,,,,,
,,,,,,,,,,,,,,,,,,,,,,,,,,,,,,,,,,,,,,
,,,,,,,,,,,,,,,,,,,,,,,,,,,,,,,,,,,,,,
,,,,,,,,,,,,,,,,,,,,,,,,,,,,,,,,,,,,,,
,,,,,,,,,,,,,,,,,,,,,,,,,,,,,,,,,,,,,,
,,,,,,,,,,,,,,,,,,,,,,,,,,,,,,,,,,,,,,
,,,,,,,,,,,,,,,,,,,,,,,,,,,,,,,,,,,,,,
,,,,,,,,,,,,,,,,,,,,,,,,,,,,,,,,,,,,,,
,,,,,,,,,,,,,,,,,,,,,,,,,,,,,,,,,,,,,,
,,,,,,,,,,,,,,,,,,,,,,,,,,,,,,,,,,,,,,
,,,,,,,,,,,,,,,,,,,,,,,,,,,,,,,,,,,,,,
,,,,,,,,,,,,,,,,,,,,,,,,,,,,,,,,,,,,,,
,,,,,,,,,,,,,,,,,,,,,,,,,,,,,,,,,,,,,,
,,,,,,,,,,,,,,,,,,,,,,,,,,,,,,,,,,,,,,
,,,,,,,,,,,,,,,,,,,,,,,,,,,,,,,,,,,,,,
,,,,,,,,,,,,,,,,,,,,,,,,,,,,,,,,,,,,,,
,,,,,,,,,,,,,,,,,,,,,,,,,,,,,,,,,,,,,,
,,,,,,,,,,,,,,,,,,,,,,,,,,,,,,,,,,,,,,
,,,,,,,,,,,,,,,,,,,,,,,,,,,,,,,,,,,,,,
,,,,,,,,,,,,,,,,,,,,,,,,,,,,,,,,,,,,,,
,,,,,,,,,,,,,,,,,,,,,,,,,,,,,,,,,,,,,,
,,,,,,,,,,,,,,,,,,,,,,,,,,,,,,,,,,,,,,
,,,,,,,,,,,,,,,,,,,,,,,,,,,,,,,,,,,,,,
,,,,,,,,,,,,,,,,,,,,,,,,,,,,,,,,,,,,,,
,,,,,,,,,,,,,,,,,,,,,,,,,,,,,,,,,,,,,,
,,,,,,,,,,,,,,,,,,,,,,,,,,,,,,,,,,,,,,
,,,,,,,,,,,,,,,,,,,,,,,,,,,,,,,,,,,,,,
,,,,,,,,,,,,,,,,,,,,,,,,,,,,,,,,,,,,,,
,,,,,,,,,,,,,,,,,,,,,,,,,,,,,,,,,,,,,,
,,,,,,,,,,,,,,,,,,,,,,,,,,,,,,,,,,,,,,
,,,,,,,,,,,,,,,,,,,,,,,,,,,,,,,,,,,,,,
,,,,,,,,,,,,,,,,,,,,,,,,,,,,,,,,,,,,,,
,,,,,,,,,,,,,,,,,,,,,,,,,,,,,,,,,,,,,,
,,,,,,,,,,,,,,,,,,,,,,,,,,,,,,,,,,,,,,
,,,,,,,,,,,,,,,,,,,,,,,,,,,,,,,,,,,,,,
,,,,,,,,,,,,,,,,,,,,,,,,,,,,,,,,,,,,,,
,,,,,,,,,,,,,,,,,,,,,,,,,,,,,,,,,,,,,,
,,,,,,,,,,,,,,,,,,,,,,,,,,,,,,,,,,,,,,
,,,,,,,,,,,,,,,,,,,,,,,,,,,,,,,,,,,,,,
,,,,,,,,,,,,,,,,,,,,,,,,,,,,,,,,,,,,,,
,,,,,,,,,,,,,,,,,,,,,,,,,,,,,,,,,,,,,,
,,,,,,,,,,,,,,,,,,,,,,,,,,,,,,,,,,,,,,
,,,,,,,,,,,,,,,,,,,,,,,,,,,,,,,,,,,,,,
,,,,,,,,,,,,,,,,,,,,,,,,,,,,,,,,,,,,,,
,,,,,,,,,,,,,,,,,,,,,,,,,,,,,,,,,,,,,,
,,,,,,,,,,,,,,,,,,,,,,,,,,,,,,,,,,,,,,
,,,,,,,,,,,,,,,,,,,,,,,,,,,,,,,,,,,,,,
,,,,,,,,,,,,,,,,,,,,,,,,,,,,,,,,,,,,,,
,,,,,,,,,,,,,,,,,,,,,,,,,,,,,,,,,,,,,,
,,,,,,,,,,,,,,,,,,,,,,,,,,,,,,,,,,,,,,
,,,,,,,,,,,,,,,,,,,,,,,,,,,,,,,,,,,,,,
,,,,,,,,,,,,,,,,,,,,,,,,,,,,,,,,,,,,,,
,,,,,,,,,,,,,,,,,,,,,,,,,,,,,,,,,,,,,,
,,,,,,,,,,,,,,,,,,,,,,,,,,,,,,,,,,,,,,
,,,,,,,,,,,,,,,,,,,,,,,,,,,,,,,,,,,,,,
,,,,,,,,,,,,,,,,,,,,,,,,,,,,,,,,,,,,,,
,,,,,,,,,,,,,,,,,,,,,,,,,,,,,,,,,,,,,,
,,,,,,,,,,,,,,,,,,,,,,,,,,,,,,,,,,,,,,
,,,,,,,,,,,,,,,,,,,,,,,,,,,,,,,,,,,,,,
,,,,,,,,,,,,,,,,,,,,,,,,,,,,,,,,,,,,,,
,,,,,,,,,,,,,,,,,,,,,,,,,,,,,,,,,,,,,,
,,,,,,,,,,,,,,,,,,,,,,,,,,,,,,,,,,,,,,
,,,,,,,,,,,,,,,,,,,,,,,,,,,,,,,,,,,,,,
,,,,,,,,,,,,,,,,,,,,,,,,,,,,,,,,,,,,,,
,,,,,,,,,,,,,,,,,,,,,,,,,,,,,,,,,,,,,,
,,,,,,,,,,,,,,,,,,,,,,,,,,,,,,,,,,,,,,
,,,,,,,,,,,,,,,,,,,,,,,,,,,,,,,,,,,,,,
,,,,,,,,,,,,,,,,,,,,,,,,,,,,,,,,,,,,,,
,,,,,,,,,,,,,,,,,,,,,,,,,,,,,,,,,,,,,,
,,,,,,,,,,,,,,,,,,,,,,,,,,,,,,,,,,,,,,
,,,,,,,,,,,,,,,,,,,,,,,,,,,,,,,,,,,,,,
,,,,,,,,,,,,,,,,,,,,,,,,,,,,,,,,,,,,,,
,,,,,,,,,,,,,,,,,,,,,,,,,,,,,,,,,,,,,,
,,,,,,,,,,,,,,,,,,,,,,,,,,,,,,,,,,,,,,
,,,,,,,,,,,,,,,,,,,,,,,,,,,,,,,,,,,,,,
,,,,,,,,,,,,,,,,,,,,,,,,,,,,,,,,,,,,,,
,,,,,,,,,,,,,,,,,,,,,,,,,,,,,,,,,,,,,,
,,,,,,,,,,,,,,,,,,,,,,,,,,,,,,,,,,,,,,
,,,,,,,,,,,,,,,,,,,,,,,,,,,,,,,,,,,,,,
,,,,,,,,,,,,,,,,,,,,,,,,,,,,,,,,,,,,,,
,,,,,,,,,,,,,,,,,,,,,,,,,,,,,,,,,,,,,,
,,,,,,,,,,,,,,,,,,,,,,,,,,,,,,,,,,,,,,
,,,,,,,,,,,,,,,,,,,,,,,,,,,,,,,,,,,,,,
,,,,,,,,,,,,,,,,,,,,,,,,,,,,,,,,,,,,,,
,,,,,,,,,,,,,,,,,,,,,,,,,,,,,,,,,,,,,,
,,,,,,,,,,,,,,,,,,,,,,,,,,,,,,,,,,,,,,
,,,,,,,,,,,,,,,,,,,,,,,,,,,,,,,,,,,,,,
,,,,,,,,,,,,,,,,,,,,,,,,,,,,,,,,,,,,,,
,,,,,,,,,,,,,,,,,,,,,,,,,,,,,,,,,,,,,,
,,,,,,,,,,,,,,,,,,,,,,,,,,,,,,,,,,,,,,
,,,,,,,,,,,,,,,,,,,,,,,,,,,,,,,,,,,,,,
,,,,,,,,,,,,,,,,,,,,,,,,,,,,,,,,,,,,,,
,,,,,,,,,,,,,,,,,,,,,,,,,,,,,,,,,,,,,,
,,,,,,,,,,,,,,,,,,,,,,,,,,,,,,,,,,,,,,
,,,,,,,,,,,,,,,,,,,,,,,,,,,,,,,,,,,,,,
,,,,,,,,,,,,,,,,,,,,,,,,,,,,,,,,,,,,,,
,,,,,,,,,,,,,,,,,,,,,,,,,,,,,,,,,,,,,,
,,,,,,,,,,,,,,,,,,,,,,,,,,,,,,,,,,,,,,
,,,,,,,,,,,,,,,,,,,,,,,,,,,,,,,,,,,,,,
,,,,,,,,,,,,,,,,,,,,,,,,,,,,,,,,,,,,,,
,,,,,,,,,,,,,,,,,,,,,,,,,,,,,,,,,,,,,,
,,,,,,,,,,,,,,,,,,,,,,,,,,,,,,,,,,,,,,
,,,,,,,,,,,,,,,,,,,,,,,,,,,,,,,,,,,,,,
,,,,,,,,,,,,,,,,,,,,,,,,,,,,,,,,,,,,,,
,,,,,,,,,,,,,,,,,,,,,,,,,,,,,,,,,,,,,,
,,,,,,,,,,,,,,,,,,,,,,,,,,,,,,,,,,,,,,
,,,,,,,,,,,,,,,,,,,,,,,,,,,,,,,,,,,,,,
,,,,,,,,,,,,,,,,,,,,,,,,,,,,,,,,,,,,,,
,,,,,,,,,,,,,,,,,,,,,,,,,,,,,,,,,,,,,,
,,,,,,,,,,,,,,,,,,,,,,,,,,,,,,,,,,,,,,
,,,,,,,,,,,,,,,,,,,,,,,,,,,,,,,,,,,,,,
,,,,,,,,,,,,,,,,,,,,,,,,,,,,,,,,,,,,,,
,,,,,,,,,,,,,,,,,,,,,,,,,,,,,,,,,,,,,,
,,,,,,,,,,,,,,,,,,,,,,,,,,,,,,,,,,,,,,
,,,,,,,,,,,,,,,,,,,,,,,,,,,,,,,,,,,,,,
,,,,,,,,,,,,,,,,,,,,,,,,,,,,,,,,,,,,,,
,,,,,,,,,,,,,,,,,,,,,,,,,,,,,,,,,,,,,,
,,,,,,,,,,,,,,,,,,,,,,,,,,,,,,,,,,,,,,
,,,,,,,,,,,,,,,,,,,,,,,,,,,,,,,,,,,,,,
,,,,,,,,,,,,,,,,,,,,,,,,,,,,,,,,,,,,,,
,,,,,,,,,,,,,,,,,,,,,,,,,,,,,,,,,,,,,,
,,,,,,,,,,,,,,,,,,,,,,,,,,,,,,,,,,,,,,
,,,,,,,,,,,,,,,,,,,,,,,,,,,,,,,,,,,,,,
,,,,,,,,,,,,,,,,,,,,,,,,,,,,,,,,,,,,,,
,,,,,,,,,,,,,,,,,,,,,,,,,,,,,,,,,,,,,,
,,,,,,,,,,,,,,,,,,,,,,,,,,,,,,,,,,,,,,
,,,,,,,,,,,,,,,,,,,,,,,,,,,,,,,,,,,,,,
,,,,,,,,,,,,,,,,,,,,,,,,,,,,,,,,,,,,,,
,,,,,,,,,,,,,,,,,,,,,,,,,,,,,,,,,,,,,,
,,,,,,,,,,,,,,,,,,,,,,,,,,,,,,,,,,,,,,
,,,,,,,,,,,,,,,,,,,,,,,,,,,,,,,,,,,,,,
,,,,,,,,,,,,,,,,,,,,,,,,,,,,,,,,,,,,,,
,,,,,,,,,,,,,,,,,,,,,,,,,,,,,,,,,,,,,,
,,,,,,,,,,,,,,,,,,,,,,,,,,,,,,,,,,,,,,
,,,,,,,,,,,,,,,,,,,,,,,,,,,,,,,,,,,,,,
,,,,,,,,,,,,,,,,,,,,,,,,,,,,,,,,,,,,,,
,,,,,,,,,,,,,,,,,,,,,,,,,,,,,,,,,,,,,,
,,,,,,,,,,,,,,,,,,,,,,,,,,,,,,,,,,,,,,
,,,,,,,,,,,,,,,,,,,,,,,,,,,,,,,,,,,,,,
,,,,,,,,,,,,,,,,,,,,,,,,,,,,,,,,,,,,,,
,,,,,,,,,,,,,,,,,,,,,,,,,,,,,,,,,,,,,,
,,,,,,,,,,,,,,,,,,,,,,,,,,,,,,,,,,,,,,
,,,,,,,,,,,,,,,,,,,,,,,,,,,,,,,,,,,,,,
,,,,,,,,,,,,,,,,,,,,,,,,,,,,,,,,,,,,,,
,,,,,,,,,,,,,,,,,,,,,,,,,,,,,,,,,,,,,,
,,,,,,,,,,,,,,,,,,,,,,,,,,,,,,,,,,,,,,
,,,,,,,,,,,,,,,,,,,,,,,,,,,,,,,,,,,,,,
,,,,,,,,,,,,,,,,,,,,,,,,,,,,,,,,,,,,,,
,,,,,,,,,,,,,,,,,,,,,,,,,,,,,,,,,,,,,,
,,,,,,,,,,,,,,,,,,,,,,,,,,,,,,,,,,,,,,
,,,,,,,,,,,,,,,,,,,,,,,,,,,,,,,,,,,,,,
,,,,,,,,,,,,,,,,,,,,,,,,,,,,,,,,,,,,,,
,,,,,,,,,,,,,,,,,,,,,,,,,,,,,,,,,,,,,,
,,,,,,,,,,,,,,,,,,,,,,,,,,,,,,,,,,,,,,
,,,,,,,,,,,,,,,,,,,,,,,,,,,,,,,,,,,,,,
,,,,,,,,,,,,,,,,,,,,,,,,,,,,,,,,,,,,,,
,,,,,,,,,,,,,,,,,,,,,,,,,,,,,,,,,,,,,,
,,,,,,,,,,,,,,,,,,,,,,,,,,,,,,,,,,,,,,
,,,,,,,,,,,,,,,,,,,,,,,,,,,,,,,,,,,,,,
,,,,,,,,,,,,,,,,,,,,,,,,,,,,,,,,,,,,,,